Scenario,Subject,Method,Model,Features,Accuracy,F1,TrainTime_s,BaselineAcc
Subject-Dependent,Subject10,none,KNN,84,0.5850495804729214,0.5713100738505934,0.018793582916259766,0.5507246376811594
Cross-Subject,Subject10,none,KNN,84,0.5098982423681776,0.5101933430290515,0.4216301441192627,0.5246993524514338
Subject-Dependent,Subject10,none,RF,84,0.5652173913043478,0.5472498605435411,2.7085213661193848,0.5507246376811594
Cross-Subject,Subject10,none,RF,84,0.5842738205365402,0.5798537332629958,415.2860276699066,0.5246993524514338
Subject-Dependent,Subject10,none,DT,84,0.5583524027459954,0.5526728751763,8.926635503768921,0.5507246376811594
Cross-Subject,Subject10,none,DT,84,0.5217391304347826,0.5217076500835927,110.01161646842957,0.5246993524514338
Subject-Dependent,Subject10,none,GBoosting,84,0.6186117467581999,0.6112151184866913,25.82860255241394,0.5507246376811594
Cross-Subject,Subject10,none,GBoosting,84,0.6142460684551342,0.6084160919794468,38.879939556121826,0.5246993524514338
Subject-Dependent,Subject10,anova,KNN,68,0.5598779557589626,0.5397263766326025,0.10927724838256836,0.5507246376811594
Cross-Subject,Subject10,anova,KNN,51,0.5110083256244218,0.5113016479281195,0.9750144481658936,0.5246993524514338
Subject-Dependent,Subject10,anova,RF,68,0.5743707093821511,0.5584443402799038,6.4436564445495605,0.5507246376811594
Cross-Subject,Subject10,anova,RF,51,0.5811285846438483,0.5737352828372917,593.9645874500275,0.5246993524514338
Subject-Dependent,Subject10,anova,DT,68,0.5362318840579711,0.5288709513035325,9.271130084991455,0.5507246376811594
Cross-Subject,Subject10,anova,DT,51,0.5224791859389454,0.5222009894107037,80.71697759628296,0.5246993524514338
Subject-Dependent,Subject10,anova,GBoosting,68,0.623951182303585,0.6179032871804006,22.11671543121338,0.5507246376811594
Cross-Subject,Subject10,anova,GBoosting,51,0.5787234042553191,0.570320330739956,73.52299475669861,0.5246993524514338
Subject-Dependent,Subject10,fi,KNN,22,0.5919145690312738,0.5812735621445946,0.004739522933959961,0.5507246376811594
Cross-Subject,Subject10,fi,KNN,27,0.5200740055504163,0.5203425208987918,0.7057943344116211,0.5246993524514338
Subject-Dependent,Subject10,fi,RF,22,0.5736079328756675,0.5583220471431076,10.747472763061523,0.5507246376811594
Cross-Subject,Subject10,fi,RF,27,0.5872340425531914,0.5828122578618251,162.63651871681213,0.5246993524514338
Subject-Dependent,Subject10,fi,DT,22,0.5614035087719298,0.5533952680528321,1.6870653629302979,0.5507246376811594
Cross-Subject,Subject10,fi,DT,27,0.5356151711378353,0.535765648675871,73.91458177566528,0.5246993524514338
Subject-Dependent,Subject10,fi,GBoosting,22,0.5888634630053394,0.580214623794399,28.632535219192505,0.5507246376811594
Cross-Subject,Subject10,fi,GBoosting,27,0.6122109158186864,0.6083179214431387,140.79606819152832,0.5246993524514338
Subject-Dependent,Subject10,lcc,KNN,35,0.5606407322654462,0.5433533507199423,0.006905555725097656,0.5507246376811594
Cross-Subject,Subject10,lcc,KNN,31,0.5298797409805736,0.5297920500082312,1.2113873958587646,0.5246993524514338
Subject-Dependent,Subject10,lcc,RF,35,0.5682684973302822,0.5464703806044808,9.466176271438599,0.5507246376811594
Cross-Subject,Subject10,lcc,RF,31,0.5827937095282146,0.565706548440594,86.01828098297119,0.5246993524514338
Subject-Dependent,Subject10,lcc,DT,35,0.5163996948893974,0.5093228078880143,2.797714948654175,0.5507246376811594
Cross-Subject,Subject10,lcc,DT,31,0.5426456984273821,0.5415320379118115,63.622986793518066,0.5246993524514338
Subject-Dependent,Subject10,lcc,GBoosting,35,0.5942028985507246,0.5802781482596023,41.22378468513489,0.5507246376811594
Cross-Subject,Subject10,lcc,GBoosting,31,0.6007400555041628,0.5833013026559879,127.12695860862732,0.5246993524514338
Subject-Dependent,Subject10,pca,KNN,45,0.6041189931350115,0.594618716575417,0.010321855545043945,0.5507246376811594
Cross-Subject,Subject10,pca,KNN,49,0.5198889916743756,0.5194095659724964,1.5140647888183594,0.5246993524514338
Subject-Dependent,Subject10,pca,RF,45,0.6048817696414951,0.6000254858325823,13.658278226852417,0.5507246376811594
Cross-Subject,Subject10,pca,RF,49,0.5629972247918594,0.5562878703684234,152.72658777236938,0.5246993524514338
Subject-Dependent,Subject10,pca,DT,45,0.5385202135774219,0.5377902879202562,1.6751816272735596,0.5507246376811594
Cross-Subject,Subject10,pca,DT,49,0.5123034227567067,0.5123706104292293,90.63394904136658,0.5246993524514338
Subject-Dependent,Subject10,pca,GBoosting,45,0.6193745232646835,0.6165757036914947,53.03651189804077,0.5507246376811594
Cross-Subject,Subject10,pca,GBoosting,49,0.5689176688251619,0.5649843258669044,172.0195848941803,0.5246993524514338
Subject-Dependent,Subject11,none,KNN,84,0.5758962623951183,0.5723117433860447,0.019172191619873047,0.5507246376811594
Cross-Subject,Subject11,none,KNN,84,0.5104532839962997,0.5103202616275934,0.3851168155670166,0.5246993524514338
Subject-Dependent,Subject11,none,RF,84,0.627765064836003,0.6279560909380253,2.168243646621704,0.5507246376811594
Cross-Subject,Subject11,none,RF,84,0.5343200740055504,0.5044679197262119,409.7770240306854,0.5246993524514338
Subject-Dependent,Subject11,none,DT,84,0.5583524027459954,0.5594459978209592,12.211403846740723,0.5507246376811594
Cross-Subject,Subject11,none,DT,84,0.5043478260869565,0.5031713393293046,108.26877617835999,0.5246993524514338
Subject-Dependent,Subject11,none,GBoosting,84,0.6155606407322655,0.6150640114834488,25.334752559661865,0.5507246376811594
Cross-Subject,Subject11,none,GBoosting,84,0.5265494912118409,0.47786003839328756,53.618224143981934,0.5246993524514338
Subject-Dependent,Subject11,anova,KNN,47,0.5682684973302822,0.5680951713105312,0.05150628089904785,0.5507246376811594
Cross-Subject,Subject11,anova,KNN,57,0.5154486586493987,0.5156341101733575,0.8476874828338623,0.5246993524514338
Subject-Dependent,Subject11,anova,RF,47,0.6102212051868803,0.6085526286634866,16.85411310195923,0.5507246376811594
Cross-Subject,Subject11,anova,RF,57,0.5359851988899167,0.5157181033647904,551.5206522941589,0.5246993524514338
Subject-Dependent,Subject11,anova,DT,47,0.566742944317315,0.5674238108406893,7.421785354614258,0.5507246376811594
Cross-Subject,Subject11,anova,DT,57,0.5091581868640148,0.5060110022713171,75.41188716888428,0.5246993524514338
Subject-Dependent,Subject11,anova,GBoosting,47,0.6102212051868803,0.609198395382436,19.979740619659424,0.5507246376811594
Cross-Subject,Subject11,anova,GBoosting,57,0.5169287696577243,0.479419799822484,22.329353094100952,0.5246993524514338
Subject-Dependent,Subject11,fi,KNN,21,0.5781845919145691,0.5790713175990034,0.005388736724853516,0.5507246376811594
Cross-Subject,Subject11,fi,KNN,24,0.509713228492137,0.5072556635193347,0.6372742652893066,0.5246993524514338
Subject-Dependent,Subject11,fi,RF,21,0.6170861937452327,0.6162865772082903,10.944380283355713,0.5507246376811594
Cross-Subject,Subject11,fi,RF,24,0.5071230342275671,0.4565047812642902,93.5441026687622,0.5246993524514338
Subject-Dependent,Subject11,fi,DT,21,0.5614035087719298,0.5618286999995151,3.1116952896118164,0.5507246376811594
Cross-Subject,Subject11,fi,DT,24,0.49898242368177614,0.49523000510607196,161.1225607395172,0.5246993524514338
Subject-Dependent,Subject11,fi,GBoosting,21,0.6186117467581999,0.6176527217720506,76.5051097869873,0.5507246376811594
Cross-Subject,Subject11,fi,GBoosting,24,0.5224791859389454,0.45387263330236477,52.10985064506531,0.5246993524514338
Subject-Dependent,Subject11,lcc,KNN,32,0.5873379099923722,0.587461801898455,0.005887269973754883,0.5507246376811594
Cross-Subject,Subject11,lcc,KNN,30,0.5350601295097133,0.5353400796647816,0.11697983741760254,0.5246993524514338
Subject-Dependent,Subject11,lcc,RF,32,0.6155606407322655,0.6152063104953982,0.9613227844238281,0.5507246376811594
Cross-Subject,Subject11,lcc,RF,30,0.5555966697502313,0.5454905220078953,96.56834125518799,0.5246993524514338
Subject-Dependent,Subject11,lcc,DT,32,0.5621662852784134,0.5630406801192137,5.31221866607666,0.5507246376811594
Cross-Subject,Subject11,lcc,DT,30,0.5148936170212766,0.5142813814373788,151.10474920272827,0.5246993524514338
Subject-Dependent,Subject11,lcc,GBoosting,32,0.6056445461479787,0.6044323435323027,80.32388401031494,0.5507246376811594
Cross-Subject,Subject11,lcc,GBoosting,30,0.5550416281221091,0.5345065077716968,57.52848410606384,0.5246993524514338
Subject-Dependent,Subject11,pca,KNN,34,0.5598779557589626,0.5543855839444749,0.027021169662475586,0.5507246376811594
Cross-Subject,Subject11,pca,KNN,49,0.5246993524514338,0.5241222880452382,0.16035151481628418,0.5246993524514338
Subject-Dependent,Subject11,pca,RF,34,0.6346300533943554,0.635513555739574,1.508044958114624,0.5507246376811594
Cross-Subject,Subject11,pca,RF,49,0.532654949121184,0.5121638380412312,197.22287249565125,0.5246993524514338
Subject-Dependent,Subject11,pca,DT,34,0.5621662852784134,0.5632332389850107,5.7333221435546875,0.5507246376811594
Cross-Subject,Subject11,pca,DT,49,0.5013876040703052,0.5014187390915159,136.9459948539734,0.5246993524514338
Subject-Dependent,Subject11,pca,GBoosting,34,0.6292906178489702,0.6291417902065691,101.20967149734497,0.5507246376811594
Cross-Subject,Subject11,pca,GBoosting,49,0.5435707678075856,0.5292182138830587,135.68057322502136,0.5246993524514338
Subject-Dependent,Subject12,none,KNN,84,0.5347063310450039,0.5358343440311866,0.020313739776611328,0.5507246376811594
Cross-Subject,Subject12,none,KNN,84,0.49935245143385754,0.49951467940912614,0.40430378913879395,0.5246993524514338
Subject-Dependent,Subject12,none,RF,84,0.6140350877192983,0.6102409110819097,5.541869878768921,0.5507246376811594
Cross-Subject,Subject12,none,RF,84,0.5178538390379278,0.510818309770304,411.4950110912323,0.5246993524514338
Subject-Dependent,Subject12,none,DT,84,0.5461479786422578,0.5467242986693788,10.879859685897827,0.5507246376811594
Cross-Subject,Subject12,none,DT,84,0.5163737280296022,0.5166317061127138,115.34986233711243,0.5246993524514338
Subject-Dependent,Subject12,none,GBoosting,84,0.620137299771167,0.6200769862337864,18.76179838180542,0.5507246376811594
Cross-Subject,Subject12,none,GBoosting,84,0.5543015726179463,0.5533152460522038,40.060829877853394,0.5246993524514338
Subject-Dependent,Subject12,anova,KNN,35,0.5263157894736842,0.5267493623560351,0.03270149230957031,0.5507246376811594
Cross-Subject,Subject12,anova,KNN,59,0.5002775208140611,0.5004425651098094,1.032456636428833,0.5246993524514338
Subject-Dependent,Subject12,anova,RF,35,0.6041189931350115,0.6016873277320839,5.689768075942993,0.5507246376811594
Cross-Subject,Subject12,anova,RF,59,0.5280296022201665,0.5141626600845378,595.5769143104553,0.5246993524514338
Subject-Dependent,Subject12,anova,DT,35,0.5270785659801678,0.5281353149575209,6.266842842102051,0.5507246376811594
Cross-Subject,Subject12,anova,DT,59,0.48695652173913045,0.48682794718728784,86.38189601898193,0.5246993524514338
Subject-Dependent,Subject12,anova,GBoosting,35,0.6254767353165522,0.6254472273495681,15.532936573028564,0.5507246376811594
Cross-Subject,Subject12,anova,GBoosting,59,0.5228492136910269,0.5159981401387371,32.335495471954346,0.5246993524514338
Subject-Dependent,Subject12,fi,KNN,25,0.5423340961098398,0.5433816876925109,0.0058765411376953125,0.5507246376811594
Cross-Subject,Subject12,fi,KNN,26,0.503422756706753,0.5037207245820817,0.8196344375610352,0.5246993524514338
Subject-Dependent,Subject12,fi,RF,25,0.623951182303585,0.6232336965873598,10.906302452087402,0.5507246376811594
Cross-Subject,Subject12,fi,RF,26,0.5278445883441258,0.5244976991272127,136.15945959091187,0.5246993524514338
Subject-Dependent,Subject12,fi,DT,25,0.5484363081617086,0.5491721312705595,4.583407640457153,0.5507246376811594
Cross-Subject,Subject12,fi,DT,26,0.5158186864014801,0.5160871584890331,112.28483414649963,0.5246993524514338
Subject-Dependent,Subject12,fi,GBoosting,25,0.6308161708619374,0.6310827230116539,53.11686396598816,0.5507246376811594
Cross-Subject,Subject12,fi,GBoosting,26,0.5413506012950972,0.5416178921272427,52.81741404533386,0.5246993524514338
Subject-Dependent,Subject12,lcc,KNN,33,0.5293668954996186,0.5294747487407968,0.005933523178100586,0.5507246376811594
Cross-Subject,Subject12,lcc,KNN,30,0.49454209065679927,0.4939364224711952,0.13019990921020508,0.5246993524514338
Subject-Dependent,Subject12,lcc,RF,33,0.6079328756674295,0.6064249251892272,2.350822687149048,0.5507246376811594
Cross-Subject,Subject12,lcc,RF,30,0.5078630897317299,0.49115516669689946,113.2686779499054,0.5246993524514338
Subject-Dependent,Subject12,lcc,DT,33,0.513348588863463,0.5145087071210792,3.6375715732574463,0.5507246376811594
Cross-Subject,Subject12,lcc,DT,30,0.5004625346901017,0.4988993428404487,143.26243567466736,0.5246993524514338
Subject-Dependent,Subject12,lcc,GBoosting,33,0.6323417238749046,0.6324531826021563,70.8404061794281,0.5507246376811594
Cross-Subject,Subject12,lcc,GBoosting,30,0.5232192414431083,0.5104063701305424,59.902859687805176,0.5246993524514338
Subject-Dependent,Subject12,pca,KNN,48,0.505720823798627,0.5056423435331195,0.029415130615234375,0.5507246376811594
Cross-Subject,Subject12,pca,KNN,49,0.5076780758556891,0.5069170971723105,0.2771494388580322,0.5246993524514338
Subject-Dependent,Subject12,pca,RF,48,0.5621662852784134,0.5618755713617373,4.225213289260864,0.5507246376811594
Cross-Subject,Subject12,pca,RF,49,0.5345050878815911,0.524567473138705,239.47478652000427,0.5246993524514338
Subject-Dependent,Subject12,pca,DT,48,0.5163996948893974,0.5175066499950867,9.109934091567993,0.5507246376811594
Cross-Subject,Subject12,pca,DT,49,0.5119333950046253,0.511667681637167,73.01809787750244,0.5246993524514338
Subject-Dependent,Subject12,pca,GBoosting,48,0.5705568268497331,0.5706552407472749,109.4732575416565,0.5507246376811594
Cross-Subject,Subject12,pca,GBoosting,49,0.5389454209065679,0.5338001039766793,133.67880249023438,0.5246993524514338
Subject-Dependent,Subject13,none,KNN,84,0.5964912280701754,0.5965527386610671,0.01872849464416504,0.5507246376811594
Cross-Subject,Subject13,none,KNN,84,0.5511563367252544,0.5510865773866155,0.4294881820678711,0.5246993524514338
Subject-Dependent,Subject13,none,RF,84,0.6186117467581999,0.6193629538717055,5.422482013702393,0.5507246376811594
Cross-Subject,Subject13,none,RF,84,0.5798334875115634,0.5577216474933531,415.2530143260956,0.5246993524514338
Subject-Dependent,Subject13,none,DT,84,0.551487414187643,0.5524150729930629,9.743350505828857,0.5507246376811594
Cross-Subject,Subject13,none,DT,84,0.5200740055504163,0.5145191671329031,103.50895524024963,0.5246993524514338
Subject-Dependent,Subject13,none,GBoosting,84,0.635392829900839,0.6355799415335576,27.064679861068726,0.5507246376811594
Cross-Subject,Subject13,none,GBoosting,84,0.5840888066604996,0.5534770792828286,40.285104751586914,0.5246993524514338
Subject-Dependent,Subject13,anova,KNN,44,0.5614035087719298,0.5621137203429868,0.04723834991455078,0.5507246376811594
Cross-Subject,Subject13,anova,KNN,57,0.5393154486586494,0.5378948029512867,0.7408933639526367,0.5246993524514338
Subject-Dependent,Subject13,anova,RF,44,0.6331045003813882,0.633485428453367,4.881455421447754,0.5507246376811594
Cross-Subject,Subject13,anova,RF,57,0.5724329324699352,0.5504075256115832,589.5656540393829,0.5246993524514338
Subject-Dependent,Subject13,anova,DT,44,0.5545385202135774,0.555677267961591,4.993102788925171,0.5507246376811594
Cross-Subject,Subject13,anova,DT,57,0.532654949121184,0.5312767750372673,85.69970035552979,0.5246993524514338
Subject-Dependent,Subject13,anova,GBoosting,44,0.6209000762776506,0.6218012137569386,25.824427366256714,0.5507246376811594
Cross-Subject,Subject13,anova,GBoosting,57,0.5914893617021276,0.5768328171929508,22.513992071151733,0.5246993524514338
Subject-Dependent,Subject13,fi,KNN,23,0.6033562166285278,0.6043578423441124,0.005723714828491211,0.5507246376811594
Cross-Subject,Subject13,fi,KNN,26,0.548936170212766,0.5483523191972466,0.7294964790344238,0.5246993524514338
Subject-Dependent,Subject13,fi,RF,23,0.6147978642257819,0.6151504476486276,11.069979906082153,0.5507246376811594
Cross-Subject,Subject13,fi,RF,26,0.5672525439407956,0.5409390050184378,125.37873458862305,0.5246993524514338
Subject-Dependent,Subject13,fi,DT,23,0.5575896262395118,0.5586958481479574,3.8075249195098877,0.5507246376811594
Cross-Subject,Subject13,fi,DT,26,0.5295097132284922,0.5245073625668885,148.85481524467468,0.5246993524514338
Subject-Dependent,Subject13,fi,GBoosting,23,0.5919145690312738,0.5927724320352022,52.434788942337036,0.5507246376811594
Cross-Subject,Subject13,fi,GBoosting,26,0.5807585568917669,0.5535750370062953,52.80719327926636,0.5246993524514338
Subject-Dependent,Subject13,lcc,KNN,27,0.585812356979405,0.5867571222296073,0.016947507858276367,0.5507246376811594
Cross-Subject,Subject13,lcc,KNN,27,0.5365402405180388,0.5367726222340526,0.11228561401367188,0.5246993524514338
Subject-Dependent,Subject13,lcc,RF,27,0.6209000762776506,0.6203301595005963,2.8106985092163086,0.5507246376811594
Cross-Subject,Subject13,lcc,RF,27,0.5665124884366327,0.5630723722203402,117.88410568237305,0.5246993524514338
Subject-Dependent,Subject13,lcc,DT,27,0.5598779557589626,0.5609174855401686,3.811829090118408,0.5507246376811594
Cross-Subject,Subject13,lcc,DT,27,0.5328399629972248,0.5315747283613556,123.64399218559265,0.5246993524514338
Subject-Dependent,Subject13,lcc,GBoosting,27,0.5987795575896262,0.5997827864238373,84.34230017662048,0.5507246376811594
Cross-Subject,Subject13,lcc,GBoosting,27,0.586308973172988,0.5847179799379996,57.50414252281189,0.5246993524514338
Subject-Dependent,Subject13,pca,KNN,41,0.5499618611746758,0.5511046260307552,0.011828422546386719,0.5507246376811594
Cross-Subject,Subject13,pca,KNN,49,0.5361702127659574,0.5363505719316376,0.19404077529907227,0.5246993524514338
Subject-Dependent,Subject13,pca,RF,41,0.6361556064073226,0.6368857999926787,1.7670435905456543,0.5507246376811594
Cross-Subject,Subject13,pca,RF,49,0.5583718778908419,0.5270099666915272,214.5117106437683,0.5246993524514338
Subject-Dependent,Subject13,pca,DT,41,0.5614035087719298,0.5625348160980889,6.256437540054321,0.5507246376811594
Cross-Subject,Subject13,pca,DT,49,0.5230342275670675,0.5216276825202197,116.12059140205383,0.5246993524514338
Subject-Dependent,Subject13,pca,GBoosting,41,0.6254767353165522,0.6263498785878715,103.57237219810486,0.5507246376811594
Cross-Subject,Subject13,pca,GBoosting,49,0.5846438482886216,0.560878718367001,113.10471510887146,0.5246993524514338
Subject-Dependent,Subject14,none,KNN,84,0.6117467581998475,0.6118059432485503,0.020702362060546875,0.5507246376811594
Cross-Subject,Subject14,none,KNN,84,0.5324699352451434,0.5318972976155092,0.4415767192840576,0.5246993524514338
Subject-Dependent,Subject14,none,RF,84,0.7009916094584286,0.7016229616344033,5.879759788513184,0.5507246376811594
Cross-Subject,Subject14,none,RF,84,0.5809435707678076,0.564488113762148,419.51831793785095,0.5246993524514338
Subject-Dependent,Subject14,none,DT,84,0.6407322654462243,0.641658679404552,8.71582293510437,0.5507246376811594
Cross-Subject,Subject14,none,DT,84,0.5363552266419982,0.5321147542094852,101.88151025772095,0.5246993524514338
Subject-Dependent,Subject14,none,GBoosting,84,0.7147215865751335,0.7154459832805126,28.083895683288574,0.5507246376811594
Cross-Subject,Subject14,none,GBoosting,84,0.5500462534690101,0.507054106992254,39.593921422958374,0.5246993524514338
Subject-Dependent,Subject14,anova,KNN,49,0.6338672768878718,0.6344063992848296,0.060663461685180664,0.5507246376811594
Cross-Subject,Subject14,anova,KNN,60,0.5160037002775208,0.5160421695580792,1.2119760513305664,0.5246993524514338
Subject-Dependent,Subject14,anova,RF,49,0.6887871853546911,0.6894641812183042,5.868711471557617,0.5507246376811594
Cross-Subject,Subject14,anova,RF,60,0.5876040703052728,0.5763109986389623,590.7776191234589,0.5246993524514338
Subject-Dependent,Subject14,anova,DT,49,0.6018306636155606,0.6028546757021221,7.6672117710113525,0.5507246376811594
Cross-Subject,Subject14,anova,DT,60,0.5276595744680851,0.5246707090838493,86.25296521186829,0.5246993524514338
Subject-Dependent,Subject14,anova,GBoosting,49,0.6887871853546911,0.6895894973115183,18.397624492645264,0.5507246376811594
Cross-Subject,Subject14,anova,GBoosting,60,0.5515263644773358,0.5117478679460449,118.59684014320374,0.5246993524514338
Subject-Dependent,Subject14,fi,KNN,16,0.6224256292906178,0.6229222292144989,0.004517793655395508,0.5507246376811594
Cross-Subject,Subject14,fi,KNN,24,0.5596669750231268,0.5573647623851633,0.6451671123504639,0.5246993524514338
Subject-Dependent,Subject14,fi,RF,16,0.6765827612509535,0.6774170421591084,12.420727968215942,0.5507246376811594
Cross-Subject,Subject14,fi,RF,24,0.5850138760407031,0.5771856829980766,126.0732593536377,0.5246993524514338
Subject-Dependent,Subject14,fi,DT,16,0.6132723112128147,0.6142410289182578,1.5262117385864258,0.5507246376811594
Cross-Subject,Subject14,fi,DT,24,0.5481961147086032,0.5483949018500508,43.529465436935425,0.5246993524514338
Subject-Dependent,Subject14,fi,GBoosting,16,0.6689549961861174,0.6698084358656835,50.53796625137329,0.5507246376811594
Cross-Subject,Subject14,fi,GBoosting,24,0.5672525439407956,0.5402609421669535,56.74390530586243,0.5246993524514338
Subject-Dependent,Subject14,lcc,KNN,33,0.6079328756674295,0.6087158703506548,0.007804393768310547,0.5507246376811594
Cross-Subject,Subject14,lcc,KNN,28,0.5298797409805736,0.5301485740720951,0.09371495246887207,0.5246993524514338
Subject-Dependent,Subject14,lcc,RF,33,0.6689549961861174,0.6698053650454079,2.8615856170654297,0.5507246376811594
Cross-Subject,Subject14,lcc,RF,28,0.6159111933395005,0.6161052497585366,125.31503796577454,0.5246993524514338
Subject-Dependent,Subject14,lcc,DT,33,0.6163234172387491,0.6172651595213665,4.2244322299957275,0.5507246376811594
Cross-Subject,Subject14,lcc,DT,28,0.5420906567992599,0.5423107630054096,127.62935280799866,0.5246993524514338
Subject-Dependent,Subject14,lcc,GBoosting,33,0.6567505720823799,0.6575737371362794,74.07416009902954,0.5507246376811594
Cross-Subject,Subject14,lcc,GBoosting,28,0.62368177613321,0.6218198691813622,60.75598192214966,0.5246993524514338
Subject-Dependent,Subject14,pca,KNN,50,0.6117467581998475,0.6127418976324867,0.04367542266845703,0.5507246376811594
Cross-Subject,Subject14,pca,KNN,49,0.5448658649398704,0.5403607704218935,0.3283088207244873,0.5246993524514338
Subject-Dependent,Subject14,pca,RF,50,0.7147215865751335,0.7150995158570478,7.5286712646484375,0.5507246376811594
Cross-Subject,Subject14,pca,RF,49,0.6035152636447734,0.5961611276289577,262.92267966270447,0.5246993524514338
Subject-Dependent,Subject14,pca,DT,50,0.6186117467581999,0.6195541530084885,4.248174428939819,0.5507246376811594
Cross-Subject,Subject14,pca,DT,49,0.5295097132284922,0.5289921178120153,108.22408318519592,0.5246993524514338
Subject-Dependent,Subject14,pca,GBoosting,50,0.6903127383676583,0.6911111174227362,52.47696328163147,0.5507246376811594
Cross-Subject,Subject14,pca,GBoosting,49,0.6157261794634598,0.6066705213820738,122.60353803634644,0.5246993524514338
Subject-Dependent,Subject15,none,KNN,84,0.5911517925247902,0.5922032685370449,0.018339872360229492,0.5507246376811594
Cross-Subject,Subject15,none,KNN,84,0.5513413506012951,0.5396852047656955,0.4362616539001465,0.5246993524514338
Subject-Dependent,Subject15,none,RF,84,0.6460717009916095,0.6444381780208491,4.543426990509033,0.5507246376811594
Cross-Subject,Subject15,none,RF,84,0.5790934320074006,0.5286112981522502,414.2256064414978,0.5246993524514338
Subject-Dependent,Subject15,none,DT,84,0.5926773455377574,0.5926773455377574,9.823203563690186,0.5507246376811594
Cross-Subject,Subject15,none,DT,84,0.5172987974098058,0.5116104508242565,120.69408559799194,0.5246993524514338
Subject-Dependent,Subject15,none,GBoosting,84,0.6178489702517163,0.615931780279184,16.37264394760132,0.5507246376811594
Cross-Subject,Subject15,none,GBoosting,84,0.5848288621646623,0.5249618448232982,38.76677346229553,0.5246993524514338
Subject-Dependent,Subject15,anova,KNN,66,0.6094584286803967,0.6103718176536854,0.08751130104064941,0.5507246376811594
Cross-Subject,Subject15,anova,KNN,59,0.5406105457909344,0.5302447145541717,1.1516923904418945,0.5246993524514338
Subject-Dependent,Subject15,anova,RF,66,0.6422578184591915,0.6405592695393147,1.9782907962799072,0.5507246376811594
Cross-Subject,Subject15,anova,RF,59,0.5761332099907494,0.5303715104309693,539.2589595317841,0.5246993524514338
Subject-Dependent,Subject15,anova,DT,66,0.5675057208237986,0.5679015917163798,22.417209148406982,0.5507246376811594
Cross-Subject,Subject15,anova,DT,59,0.5378353376503238,0.533583913645427,133.53821730613708,0.5246993524514338
Subject-Dependent,Subject15,anova,GBoosting,66,0.6346300533943554,0.6323857995831756,31.5540452003479,0.5507246376811594
Cross-Subject,Subject15,anova,GBoosting,59,0.5827937095282146,0.5385902592892624,22.275470972061157,0.5246993524514338
Subject-Dependent,Subject15,fi,KNN,27,0.627765064836003,0.6280338198960478,0.006557464599609375,0.5507246376811594
Cross-Subject,Subject15,fi,KNN,29,0.5426456984273821,0.5311366361690771,0.7008152008056641,0.5246993524514338
Subject-Dependent,Subject15,fi,RF,27,0.6399694889397407,0.6383078017798292,11.847968339920044,0.5507246376811594
Cross-Subject,Subject15,fi,RF,29,0.568177613320999,0.5181715010436335,121.246985912323,0.5246993524514338
Subject-Dependent,Subject15,fi,DT,27,0.5903890160183066,0.5906573855254375,3.741528034210205,0.5507246376811594
Cross-Subject,Subject15,fi,DT,29,0.5176688251618872,0.5124238646351946,152.62540245056152,0.5246993524514338
Subject-Dependent,Subject15,fi,GBoosting,27,0.6331045003813882,0.6307430189420923,54.88530683517456,0.5507246376811594
Cross-Subject,Subject15,fi,GBoosting,29,0.5678075855689176,0.5086169993383909,56.238017559051514,0.5246993524514338
Subject-Dependent,Subject15,lcc,KNN,37,0.6109839816933639,0.6099480151228733,0.006680965423583984,0.5507246376811594
Cross-Subject,Subject15,lcc,KNN,27,0.5485661424606846,0.5393865898984509,0.22871708869934082,0.5246993524514338
Subject-Dependent,Subject15,lcc,RF,37,0.6521739130434783,0.6500878886015848,8.1779944896698,0.5507246376811594
Cross-Subject,Subject15,lcc,RF,27,0.5807585568917669,0.5465557347541248,127.37436294555664,0.5246993524514338
Subject-Dependent,Subject15,lcc,DT,37,0.5758962623951183,0.5763618971731144,4.419767141342163,0.5507246376811594
Cross-Subject,Subject15,lcc,DT,27,0.5280296022201665,0.5260094515360415,109.65815234184265,0.5246993524514338
Subject-Dependent,Subject15,lcc,GBoosting,37,0.6453089244851259,0.6446321884647512,72.06210923194885,0.5507246376811594
Cross-Subject,Subject15,lcc,GBoosting,27,0.5898242368177613,0.5531409683283658,57.492876291275024,0.5246993524514338
Subject-Dependent,Subject15,pca,KNN,39,0.5652173913043478,0.5591309697607769,0.041491031646728516,0.5507246376811594
Cross-Subject,Subject15,pca,KNN,49,0.5317298797409806,0.5187196753235949,0.23790764808654785,0.5246993524514338
Subject-Dependent,Subject15,pca,RF,39,0.6209000762776506,0.6206148402199162,2.015840768814087,0.5507246376811594
Cross-Subject,Subject15,pca,RF,49,0.5733580018501387,0.5234334498006513,225.99989461898804,0.5246993524514338
Subject-Dependent,Subject15,pca,DT,39,0.5545385202135774,0.5552643997669034,6.459024667739868,0.5507246376811594
Cross-Subject,Subject15,pca,DT,49,0.530249768732655,0.5270883139006691,145.66123127937317,0.5246993524514338
Subject-Dependent,Subject15,pca,GBoosting,39,0.5942028985507246,0.5936326604811145,61.73541450500488,0.5507246376811594
Cross-Subject,Subject15,pca,GBoosting,49,0.5777983348751157,0.5265699875345795,114.48851180076599,0.5246993524514338
Subject-Dependent,Subject16,none,KNN,84,0.5522501906941266,0.5468308759053951,0.018480539321899414,0.5507246376811594
Cross-Subject,Subject16,none,KNN,84,0.537095282146161,0.5371842075276556,0.4061012268066406,0.5246993524514338
Subject-Dependent,Subject16,none,RF,84,0.5926773455377574,0.5856896833454814,1.8131966590881348,0.5507246376811594
Cross-Subject,Subject16,none,RF,84,0.5840888066604996,0.584339664950014,414.4394702911377,0.5246993524514338
Subject-Dependent,Subject16,none,DT,84,0.5720823798627003,0.5730584632979921,9.704522371292114,0.5507246376811594
Cross-Subject,Subject16,none,DT,84,0.5393154486586494,0.5394496516401215,110.3476254940033,0.5246993524514338
Subject-Dependent,Subject16,none,GBoosting,84,0.5957284515636918,0.5921802643739622,23.437456846237183,0.5507246376811594
Cross-Subject,Subject16,none,GBoosting,84,0.583163737280296,0.5723799925005753,39.7757670879364,0.5246993524514338
Subject-Dependent,Subject16,anova,KNN,52,0.5347063310450039,0.5241249015952574,0.06499648094177246,0.5507246376811594
Cross-Subject,Subject16,anova,KNN,56,0.5254394079555966,0.5257235825847197,1.0527939796447754,0.5246993524514338
Subject-Dependent,Subject16,anova,RF,52,0.5812356979405034,0.5734010075060747,3.7501392364501953,0.5507246376811594
Cross-Subject,Subject16,anova,RF,56,0.5840888066604996,0.5832572060416222,575.6544246673584,0.5246993524514338
Subject-Dependent,Subject16,anova,DT,52,0.5308924485125858,0.5316952580459815,6.829157829284668,0.5507246376811594
Cross-Subject,Subject16,anova,DT,56,0.5169287696577243,0.5168923912731994,105.96989917755127,0.5246993524514338
Subject-Dependent,Subject16,anova,GBoosting,52,0.5911517925247902,0.5880827410774809,24.047235250473022,0.5507246376811594
Cross-Subject,Subject16,anova,GBoosting,56,0.5774283071230343,0.576464608808571,51.02223181724548,0.5246993524514338
Subject-Dependent,Subject16,fi,KNN,26,0.5705568268497331,0.5645311578079734,0.017586708068847656,0.5507246376811594
Cross-Subject,Subject16,fi,KNN,25,0.5356151711378353,0.5330536221910376,1.1406962871551514,0.5246993524514338
Subject-Dependent,Subject16,fi,RF,26,0.5957284515636918,0.5902950147003599,10.32019853591919,0.5507246376811594
Cross-Subject,Subject16,fi,RF,25,0.5702127659574469,0.5638981278984319,154.5078525543213,0.5246993524514338
Subject-Dependent,Subject16,fi,DT,26,0.543859649122807,0.5445313057756836,3.3576548099517822,0.5507246376811594
Cross-Subject,Subject16,fi,DT,25,0.5383903792784459,0.5370976907837992,89.84637951850891,0.5246993524514338
Subject-Dependent,Subject16,fi,GBoosting,26,0.5705568268497331,0.5653590854084114,38.36380743980408,0.5507246376811594
Cross-Subject,Subject16,fi,GBoosting,25,0.5580018501387604,0.5412569793990902,64.50216889381409,0.5246993524514338
Subject-Dependent,Subject16,lcc,KNN,36,0.5484363081617086,0.5377144048185886,0.00906991958618164,0.5507246376811594
Cross-Subject,Subject16,lcc,KNN,27,0.5313598519888991,0.5316256205905558,0.3410773277282715,0.5246993524514338
Subject-Dependent,Subject16,lcc,RF,36,0.5842868039664378,0.5761285212920383,10.313776016235352,0.5507246376811594
Cross-Subject,Subject16,lcc,RF,27,0.5528214616096208,0.5519016782662685,121.21046543121338,0.5246993524514338
Subject-Dependent,Subject16,lcc,DT,36,0.5347063310450039,0.5355232249523596,3.758746385574341,0.5507246376811594
Cross-Subject,Subject16,lcc,DT,27,0.513413506012951,0.5137065731312399,68.44897866249084,0.5246993524514338
Subject-Dependent,Subject16,lcc,GBoosting,36,0.5850495804729214,0.5797926072525615,85.84575748443604,0.5507246376811594
Cross-Subject,Subject16,lcc,GBoosting,27,0.5539315448658649,0.5541650033303039,58.0815851688385,0.5246993524514338
Subject-Dependent,Subject16,pca,KNN,45,0.528604118993135,0.5261547456438649,0.008459329605102539,0.5507246376811594
Cross-Subject,Subject16,pca,KNN,49,0.5396854764107308,0.5394754272654894,0.23964309692382812,0.5246993524514338
Subject-Dependent,Subject16,pca,RF,45,0.5644546147978642,0.5654899256644105,3.9322261810302734,0.5507246376811594
Cross-Subject,Subject16,pca,RF,49,0.5826086956521739,0.5704297748556234,239.251704454422,0.5246993524514338
Subject-Dependent,Subject16,pca,DT,45,0.528604118993135,0.5297637766482612,7.5040812492370605,0.5507246376811594
Cross-Subject,Subject16,pca,DT,49,0.5274745605920445,0.5270375212528291,126.53238201141357,0.5246993524514338
Subject-Dependent,Subject16,pca,GBoosting,45,0.5583524027459954,0.5582115857452332,64.51561522483826,0.5507246376811594
Cross-Subject,Subject16,pca,GBoosting,49,0.6009250693802035,0.5918261795491833,114.48344445228577,0.5246993524514338
Subject-Dependent,Subject17,none,KNN,84,0.6483600305110603,0.6411575013631555,0.020089149475097656,0.5507246376811594
Cross-Subject,Subject17,none,KNN,84,0.5167437557816836,0.5148373234788256,0.39931249618530273,0.5246993524514338
Subject-Dependent,Subject17,none,RF,84,0.7498093058733791,0.7447454680511434,5.187445878982544,0.5507246376811594
Cross-Subject,Subject17,none,RF,84,0.5837187789084182,0.5793061462378137,416.2116000652313,0.5246993524514338
Subject-Dependent,Subject17,none,DT,84,0.6270022883295194,0.6234006536923618,8.199567079544067,0.5507246376811594
Cross-Subject,Subject17,none,DT,84,0.5126734505087882,0.5118556316925149,100.86462116241455,0.5246993524514338
Subject-Dependent,Subject17,none,GBoosting,84,0.7376048817696415,0.7336042089691793,31.2261803150177,0.5507246376811594
Cross-Subject,Subject17,none,GBoosting,84,0.5785383903792785,0.5591511769105204,40.17162775993347,0.5246993524514338
Subject-Dependent,Subject17,anova,KNN,52,0.6704805491990846,0.6631582505596008,0.04546809196472168,0.5507246376811594
Cross-Subject,Subject17,anova,KNN,59,0.5246993524514338,0.5211073318308834,0.8526294231414795,0.5246993524514338
Subject-Dependent,Subject17,anova,RF,52,0.7498093058733791,0.7437315622501929,5.186485052108765,0.5507246376811594
Cross-Subject,Subject17,anova,RF,59,0.5672525439407956,0.5605266770285451,596.0099990367889,0.5246993524514338
Subject-Dependent,Subject17,anova,DT,52,0.6437833714721587,0.6418987336297733,5.919792890548706,0.5507246376811594
Cross-Subject,Subject17,anova,DT,59,0.5143385753931545,0.5135829753176654,95.7680881023407,0.5246993524514338
Subject-Dependent,Subject17,anova,GBoosting,52,0.7276887871853547,0.7226294306880371,12.45303726196289,0.5507246376811594
Cross-Subject,Subject17,anova,GBoosting,59,0.5750231267345051,0.5559387990489877,140.06219458580017,0.5246993524514338
Subject-Dependent,Subject17,fi,KNN,15,0.6864988558352403,0.6812433507526408,0.2734088897705078,0.5507246376811594
Cross-Subject,Subject17,fi,KNN,28,0.5256244218316374,0.5222754227516162,0.8185811042785645,0.5246993524514338
Subject-Dependent,Subject17,fi,RF,15,0.7368421052631579,0.7309276039131837,12.870503187179565,0.5507246376811594
Cross-Subject,Subject17,fi,RF,28,0.5515263644773358,0.5392740268107432,120.05505609512329,0.5246993524514338
Subject-Dependent,Subject17,fi,DT,15,0.6483600305110603,0.6460967395682007,1.0887846946716309,0.5507246376811594
Cross-Subject,Subject17,fi,DT,28,0.517113783533765,0.515644442359885,53.280765771865845,0.5246993524514338
Subject-Dependent,Subject17,fi,GBoosting,15,0.7147215865751335,0.7089475763753893,40.93876624107361,0.5507246376811594
Cross-Subject,Subject17,fi,GBoosting,28,0.5570767807585569,0.5251259208920621,289.90867733955383,0.5246993524514338
Subject-Dependent,Subject17,lcc,KNN,30,0.6598016781083142,0.6541737378753192,0.10059523582458496,0.5507246376811594
Cross-Subject,Subject17,lcc,KNN,26,0.5278445883441258,0.524131766990391,0.31763195991516113,0.5246993524514338
Subject-Dependent,Subject17,lcc,RF,30,0.7452326468344775,0.7395714252011728,1.2849044799804688,0.5507246376811594
Cross-Subject,Subject17,lcc,RF,26,0.5855689176688251,0.5826701102430465,24.016939401626587,0.5246993524514338
Subject-Dependent,Subject17,lcc,DT,30,0.6468344774980931,0.6455198938016323,0.5654995441436768,0.5507246376811594
Cross-Subject,Subject17,lcc,DT,26,0.509713228492137,0.5097923089959501,37.51603651046753,0.5246993524514338
Subject-Dependent,Subject17,lcc,GBoosting,30,0.7292143401983219,0.7252563372708499,22.02827000617981,0.5507246376811594
Cross-Subject,Subject17,lcc,GBoosting,26,0.6112858464384829,0.6034523003128653,472.68952345848083,0.5246993524514338
Subject-Dependent,Subject17,pca,KNN,44,0.623951182303585,0.611930975922168,0.007761716842651367,0.5507246376811594
Cross-Subject,Subject17,pca,KNN,49,0.5330249768732654,0.531088106022821,0.17894935607910156,0.5246993524514338
Subject-Dependent,Subject17,pca,RF,44,0.7307398932112891,0.7193029723987197,0.8352081775665283,0.5507246376811594
Cross-Subject,Subject17,pca,RF,49,0.601850138760407,0.6008116564501255,28.7144455909729,0.5246993524514338
Subject-Dependent,Subject17,pca,DT,44,0.6125095347063311,0.6109217524218151,0.5180933475494385,0.5507246376811594
Cross-Subject,Subject17,pca,DT,49,0.5163737280296022,0.5158042396716819,51.040502309799194,0.5246993524514338
Subject-Dependent,Subject17,pca,GBoosting,44,0.7032799389778794,0.696305511508731,221.60573744773865,0.5507246376811594
Cross-Subject,Subject17,pca,GBoosting,49,0.6201665124884367,0.616899794130928,88.08464741706848,0.5246993524514338
Subject-Dependent,Subject18,none,KNN,84,0.5522501906941266,0.5520329179879815,0.02968120574951172,0.5507246376811594
Cross-Subject,Subject18,none,KNN,84,0.5141535615171138,0.5119842097748685,0.3026008605957031,0.5246993524514338
Subject-Dependent,Subject18,none,RF,84,0.6140350877192983,0.6148333791402889,4.541442394256592,0.5507246376811594
Cross-Subject,Subject18,none,RF,84,0.5605920444033302,0.5591460494288845,415.03819274902344,0.5246993524514338
Subject-Dependent,Subject18,none,DT,84,0.5408085430968727,0.5417255913445412,10.34107232093811,0.5507246376811594
Cross-Subject,Subject18,none,DT,84,0.5071230342275671,0.5073032676767029,110.3368935585022,0.5246993524514338
Subject-Dependent,Subject18,none,GBoosting,84,0.6270022883295194,0.6278325929055831,22.201168537139893,0.5507246376811594
Cross-Subject,Subject18,none,GBoosting,84,0.5617021276595745,0.5579011169980546,39.496891498565674,0.5246993524514338
Subject-Dependent,Subject18,anova,KNN,44,0.5568268497330282,0.556296132784919,0.04047417640686035,0.5507246376811594
Cross-Subject,Subject18,anova,KNN,58,0.5165587419056429,0.5135496487197349,0.8345077037811279,0.5246993524514338
Subject-Dependent,Subject18,anova,RF,44,0.6025934401220442,0.6032369535629497,5.784732341766357,0.5507246376811594
Cross-Subject,Subject18,anova,RF,58,0.5554116558741906,0.5526993244881211,591.4783847332001,0.5246993524514338
Subject-Dependent,Subject18,anova,DT,44,0.5568268497330282,0.5578925376372027,6.365814924240112,0.5507246376811594
Cross-Subject,Subject18,anova,DT,58,0.522109158186864,0.522385736678017,92.14061570167542,0.5246993524514338
Subject-Dependent,Subject18,anova,GBoosting,44,0.631578947368421,0.6319802847308499,14.519076347351074,0.5507246376811594
Cross-Subject,Subject18,anova,GBoosting,58,0.5515263644773358,0.5517053793207234,74.73299479484558,0.5246993524514338
Subject-Dependent,Subject18,fi,KNN,25,0.5736079328756675,0.5736079328756675,0.004523754119873047,0.5507246376811594
Cross-Subject,Subject18,fi,KNN,26,0.5132284921369102,0.5128132920418823,0.7383322715759277,0.5246993524514338
Subject-Dependent,Subject18,fi,RF,25,0.5919145690312738,0.5927443195734767,11.926197052001953,0.5507246376811594
Cross-Subject,Subject18,fi,RF,26,0.5419056429232192,0.5421827958560386,161.24578714370728,0.5246993524514338
Subject-Dependent,Subject18,fi,DT,25,0.5758962623951183,0.5769856750351308,2.193607807159424,0.5507246376811594
Cross-Subject,Subject18,fi,DT,26,0.5117483811285847,0.5115660685257926,72.40984725952148,0.5246993524514338
Subject-Dependent,Subject18,fi,GBoosting,25,0.6300533943554538,0.6309479635358944,27.82836890220642,0.5507246376811594
Cross-Subject,Subject18,fi,GBoosting,26,0.5506012950971323,0.5419809949062225,97.09416127204895,0.5246993524514338
Subject-Dependent,Subject18,lcc,KNN,36,0.559115179252479,0.5591490397977329,0.007113456726074219,0.5507246376811594
Cross-Subject,Subject18,lcc,KNN,27,0.5234042553191489,0.5236948415390242,0.9995980262756348,0.5246993524514338
Subject-Dependent,Subject18,lcc,RF,36,0.5964912280701754,0.5974319465844891,12.758804321289062,0.5507246376811594
Cross-Subject,Subject18,lcc,RF,27,0.5552266419981499,0.5549797066101293,107.11805248260498,0.5246993524514338
Subject-Dependent,Subject18,lcc,DT,36,0.5415713196033562,0.5425541924528953,3.3038573265075684,0.5507246376811594
Cross-Subject,Subject18,lcc,DT,27,0.5030527289546716,0.5033474082975421,56.96807289123535,0.5246993524514338
Subject-Dependent,Subject18,lcc,GBoosting,36,0.6300533943554538,0.6308055981180116,59.82296276092529,0.5507246376811594
Cross-Subject,Subject18,lcc,GBoosting,27,0.5665124884366327,0.5594389726094502,63.4268684387207,0.5246993524514338
Subject-Dependent,Subject18,pca,KNN,45,0.5560640732265446,0.5567617216712696,0.05726480484008789,0.5507246376811594
Cross-Subject,Subject18,pca,KNN,49,0.5198889916743756,0.5189381433023916,0.4806690216064453,0.5246993524514338
Subject-Dependent,Subject18,pca,RF,45,0.635392829900839,0.6363305267923647,8.579604387283325,0.5507246376811594
Cross-Subject,Subject18,pca,RF,49,0.5533765032377428,0.5528271468761852,258.4916207790375,0.5246993524514338
Subject-Dependent,Subject18,pca,DT,45,0.5614035087719298,0.5625157523088975,4.401890516281128,0.5507246376811594
Cross-Subject,Subject18,pca,DT,49,0.5147086031452359,0.514967244629792,104.63001298904419,0.5246993524514338
Subject-Dependent,Subject18,pca,GBoosting,45,0.6414950419527079,0.6418642914451383,52.54180932044983,0.5507246376811594
Cross-Subject,Subject18,pca,GBoosting,49,0.5585568917668825,0.5587233655848073,119.87196207046509,0.5246993524514338
Subject-Dependent,Subject19,none,KNN,84,0.5308924485125858,0.5214679631023372,0.015741825103759766,0.5507246376811594
Cross-Subject,Subject19,none,KNN,84,0.49324699352451434,0.4909733733648295,0.27884340286254883,0.5246993524514338
Subject-Dependent,Subject19,none,RF,84,0.555301296720061,0.5419989814675289,2.893303871154785,0.5507246376811594
Cross-Subject,Subject19,none,RF,84,0.5137835337650324,0.5026964598431993,425.6024560928345,0.5246993524514338
Subject-Dependent,Subject19,none,DT,84,0.5156369183829138,0.5138041381707827,8.971227884292603,0.5507246376811594
Cross-Subject,Subject19,none,DT,84,0.5074930619796485,0.5074217496427451,103.11727666854858,0.5246993524514338
Subject-Dependent,Subject19,none,GBoosting,84,0.5499618611746758,0.5378666040305183,15.69955849647522,0.5507246376811594
Cross-Subject,Subject19,none,GBoosting,84,0.5126734505087882,0.4818346915258685,39.49734854698181,0.5246993524514338
Subject-Dependent,Subject19,anova,KNN,39,0.5408085430968727,0.5308167950999605,0.0867910385131836,0.5507246376811594
Cross-Subject,Subject19,anova,KNN,63,0.4904717853839038,0.4880902298153334,1.2222952842712402,0.5246993524514338
Subject-Dependent,Subject19,anova,RF,39,0.5560640732265446,0.5438929557330179,7.665538549423218,0.5507246376811594
Cross-Subject,Subject19,anova,RF,63,0.517113783533765,0.5002228873927301,588.5139224529266,0.5246993524514338
Subject-Dependent,Subject19,anova,DT,39,0.5240274599542334,0.5219293651731044,6.523491859436035,0.5507246376811594
Cross-Subject,Subject19,anova,DT,63,0.5156336725254395,0.5134733250479173,97.6343994140625,0.5246993524514338
Subject-Dependent,Subject19,anova,GBoosting,39,0.5461479786422578,0.5370299805624238,16.842354774475098,0.5507246376811594
Cross-Subject,Subject19,anova,GBoosting,63,0.5041628122109159,0.46893533905254997,489.1891303062439,0.5246993524514338
Subject-Dependent,Subject19,fi,KNN,25,0.5491990846681922,0.5407650190092717,0.004339933395385742,0.5507246376811594
Cross-Subject,Subject19,fi,KNN,27,0.5098982423681776,0.5065493479630542,0.08550047874450684,0.5246993524514338
Subject-Dependent,Subject19,fi,RF,25,0.5728451563691839,0.5560379798666106,0.6072719097137451,0.5507246376811594
Cross-Subject,Subject19,fi,RF,27,0.5089731729879741,0.4920826008461886,21.491392374038696,0.5246993524514338
Subject-Dependent,Subject19,fi,DT,25,0.520976353928299,0.5164540229289836,0.4291830062866211,0.5507246376811594
Cross-Subject,Subject19,fi,DT,27,0.5071230342275671,0.5067854313621133,19.317185401916504,0.5246993524514338
Subject-Dependent,Subject19,fi,GBoosting,25,0.5545385202135774,0.5428046160457113,351.07865929603577,0.5507246376811594
Cross-Subject,Subject19,fi,GBoosting,27,0.5095282146160962,0.4877477904884992,26.650460243225098,0.5246993524514338
Subject-Dependent,Subject19,lcc,KNN,31,0.5377574370709383,0.5324190056012442,0.004718303680419922,0.5507246376811594
Cross-Subject,Subject19,lcc,KNN,30,0.5023126734505088,0.5000929122914047,0.10113000869750977,0.5246993524514338
Subject-Dependent,Subject19,lcc,RF,31,0.5415713196033562,0.5319276231918995,0.6711790561676025,0.5507246376811594
Cross-Subject,Subject19,lcc,RF,30,0.5191489361702127,0.5125246175255491,22.381442070007324,0.5246993524514338
Subject-Dependent,Subject19,lcc,DT,31,0.5484363081617086,0.5479375930299528,0.48555469512939453,0.5507246376811594
Cross-Subject,Subject19,lcc,DT,30,0.5036077705827937,0.5026759064843594,77.65602922439575,0.5246993524514338
Subject-Dependent,Subject19,lcc,GBoosting,31,0.5560640732265446,0.5520214507128817,398.9748637676239,0.5507246376811594
Cross-Subject,Subject19,lcc,GBoosting,30,0.5352451433857539,0.5240994793119532,78.33647775650024,0.5246993524514338
Subject-Dependent,Subject19,pca,KNN,44,0.5362318840579711,0.5321615108289982,0.011463642120361328,0.5507246376811594
Cross-Subject,Subject19,pca,KNN,49,0.4939870490286771,0.489227468074541,0.1515974998474121,0.5246993524514338
Subject-Dependent,Subject19,pca,RF,44,0.5560640732265446,0.5551370277594123,0.9124460220336914,0.5507246376811594
Cross-Subject,Subject19,pca,RF,49,0.5069380203515264,0.4910624740933967,28.069329738616943,0.5246993524514338
Subject-Dependent,Subject19,pca,DT,44,0.5408085430968727,0.5416147236415089,0.75644850730896,0.5507246376811594
Cross-Subject,Subject19,pca,DT,49,0.4975023126734505,0.49658668829627617,139.2893421649933,0.5246993524514338
Subject-Dependent,Subject19,pca,GBoosting,44,0.5461479786422578,0.5432169428913319,101.77336573600769,0.5507246376811594
Cross-Subject,Subject19,pca,GBoosting,49,0.4969472710453284,0.4610431949970789,9.322513580322266,0.5246993524514338
Subject-Dependent,Subject1,none,KNN,84,0.5652173913043478,0.5658575991507352,0.024134397506713867,0.5507246376811594
Cross-Subject,Subject1,none,KNN,84,0.5341350601295097,0.5334389759000628,0.2917037010192871,0.5246993524514338
Subject-Dependent,Subject1,none,RF,84,0.6666666666666666,0.6666404039750741,16.38824963569641,0.5507246376811594
Cross-Subject,Subject1,none,RF,84,0.5555966697502313,0.5380018079807841,412.58940744400024,0.5246993524514338
Subject-Dependent,Subject1,none,DT,84,0.5301296720061022,0.5307521437645493,6.885068655014038,0.5507246376811594
Cross-Subject,Subject1,none,DT,84,0.5198889916743756,0.5191302303789223,94.86094689369202,0.5246993524514338
Subject-Dependent,Subject1,none,GBoosting,84,0.6666666666666666,0.6669292113427908,16.368877172470093,0.5507246376811594
Cross-Subject,Subject1,none,GBoosting,84,0.5448658649398704,0.5335256234418935,38.97399187088013,0.5246993524514338
Subject-Dependent,Subject1,anova,KNN,50,0.5720823798627003,0.5729209919148682,0.11359667778015137,0.5507246376811594
Cross-Subject,Subject1,anova,KNN,60,0.5267345050878816,0.5264404303482495,1.1011977195739746,0.5246993524514338
Subject-Dependent,Subject1,anova,RF,50,0.6826849733028223,0.6817679927475593,1.817789077758789,0.5507246376811594
Cross-Subject,Subject1,anova,RF,60,0.5559666975023126,0.5380315831372349,546.470555305481,0.5246993524514338
Subject-Dependent,Subject1,anova,DT,50,0.547673531655225,0.5485107628558197,15.488821029663086,0.5507246376811594
Cross-Subject,Subject1,anova,DT,60,0.5124884366327475,0.5115777637306874,143.75693535804749,0.5246993524514338
Subject-Dependent,Subject1,anova,GBoosting,50,0.669717772692601,0.6692856538815434,9.16435956954956,0.5507246376811594
Cross-Subject,Subject1,anova,GBoosting,60,0.557631822386679,0.5496627884213198,93.0980486869812,0.5246993524514338
Subject-Dependent,Subject1,fi,KNN,25,0.6003051106025934,0.6013144411313748,0.003961086273193359,0.5507246376811594
Cross-Subject,Subject1,fi,KNN,25,0.5219241443108233,0.5188738380179561,0.9120254516601562,0.5246993524514338
Subject-Dependent,Subject1,fi,RF,25,0.662090007627765,0.6620089199617868,10.699034214019775,0.5507246376811594
Cross-Subject,Subject1,fi,RF,25,0.5385753931544865,0.525966221061561,152.05618810653687,0.5246993524514338
Subject-Dependent,Subject1,fi,DT,25,0.5720823798627003,0.5730930838614118,2.2349417209625244,0.5507246376811594
Cross-Subject,Subject1,fi,DT,25,0.5067530064754857,0.5051869135065775,41.77795743942261,0.5246993524514338
Subject-Dependent,Subject1,fi,GBoosting,25,0.665903890160183,0.6656820561958903,49.79319453239441,0.5507246376811594
Cross-Subject,Subject1,fi,GBoosting,25,0.5422756706753007,0.528484837691296,55.1729850769043,0.5246993524514338
Subject-Dependent,Subject1,lcc,KNN,34,0.5873379099923722,0.5883971920984437,0.017128467559814453,0.5507246376811594
Cross-Subject,Subject1,lcc,KNN,29,0.5417206290471785,0.5394106140559093,0.15669012069702148,0.5246993524514338
Subject-Dependent,Subject1,lcc,RF,34,0.6864988558352403,0.6850930885783153,7.695431709289551,0.5507246376811594
Cross-Subject,Subject1,lcc,RF,29,0.572617946345976,0.5538070490661294,130.09384608268738,0.5246993524514338
Subject-Dependent,Subject1,lcc,DT,34,0.5690312738367659,0.5700287367808068,3.8557374477386475,0.5507246376811594
Cross-Subject,Subject1,lcc,DT,29,0.5406105457909344,0.5387627752750839,118.56743025779724,0.5246993524514338
Subject-Dependent,Subject1,lcc,GBoosting,34,0.6781083142639207,0.6768702693187819,64.01588916778564,0.5507246376811594
Cross-Subject,Subject1,lcc,GBoosting,29,0.5668825161887141,0.5545632135677169,62.31194233894348,0.5246993524514338
Subject-Dependent,Subject1,pca,KNN,43,0.5537757437070938,0.5545784076353757,0.017656803131103516,0.5507246376811594
Cross-Subject,Subject1,pca,KNN,49,0.5269195189639223,0.5250645632657933,0.43894457817077637,0.5246993524514338
Subject-Dependent,Subject1,pca,RF,43,0.6254767353165522,0.6262797146328978,7.614912033081055,0.5507246376811594
Cross-Subject,Subject1,pca,RF,49,0.5570767807585569,0.5420396500272094,259.9951000213623,0.5246993524514338
Subject-Dependent,Subject1,pca,DT,43,0.5598779557589626,0.5608818775810008,3.722282648086548,0.5507246376811594
Cross-Subject,Subject1,pca,DT,49,0.520259019426457,0.5197510882315832,100.96541953086853,0.5246993524514338
Subject-Dependent,Subject1,pca,GBoosting,43,0.6033562166285278,0.6043227948993128,56.56425857543945,0.5507246376811594
Cross-Subject,Subject1,pca,GBoosting,49,0.5611470860314524,0.549097609662367,114.53095746040344,0.5246993524514338
Subject-Dependent,Subject20,none,KNN,84,0.540045766590389,0.5411579835301945,0.021805524826049805,0.5507246376811594
Cross-Subject,Subject20,none,KNN,84,0.521554116558742,0.5211392011129686,0.3152451515197754,0.5246993524514338
Subject-Dependent,Subject20,none,RF,84,0.5766590389016019,0.5774886818409125,21.5955171585083,0.5507246376811594
Cross-Subject,Subject20,none,RF,84,0.5520814061054579,0.5436333407865299,396.3576600551605,0.5246993524514338
Subject-Dependent,Subject20,none,DT,84,0.5278413424866514,0.5284922228832759,5.317798852920532,0.5507246376811594
Cross-Subject,Subject20,none,DT,84,0.5147086031452359,0.5139584915005525,82.6431291103363,0.5246993524514338
Subject-Dependent,Subject20,none,GBoosting,84,0.5705568268497331,0.5686087067109304,30.403631925582886,0.5507246376811594
Cross-Subject,Subject20,none,GBoosting,84,0.5500462534690101,0.5435226636914019,53.60786461830139,0.5246993524514338
Subject-Dependent,Subject20,anova,KNN,57,0.5621662852784134,0.5630286710447179,0.08102703094482422,0.5507246376811594
Cross-Subject,Subject20,anova,KNN,58,0.5258094357076781,0.5259885291067516,1.1693196296691895,0.5246993524514338
Subject-Dependent,Subject20,anova,RF,57,0.5835240274599542,0.5845615207438791,19.798828840255737,0.5507246376811594
Cross-Subject,Subject20,anova,RF,58,0.5365402405180388,0.5308813491489938,496.0897912979126,0.5246993524514338
Subject-Dependent,Subject20,anova,DT,57,0.5110602593440122,0.5118797954089014,5.324617147445679,0.5507246376811594
Cross-Subject,Subject20,anova,DT,58,0.5261794634597595,0.525939293772469,83.08588290214539,0.5246993524514338
Subject-Dependent,Subject20,anova,GBoosting,57,0.589626239511823,0.5903098804731995,11.435739278793335,0.5507246376811594
Cross-Subject,Subject20,anova,GBoosting,58,0.5448658649398704,0.5417291152417522,250.86583757400513,0.5246993524514338
Subject-Dependent,Subject20,fi,KNN,28,0.5484363081617086,0.5483291127815227,0.0043790340423583984,0.5507246376811594
Cross-Subject,Subject20,fi,KNN,24,0.5246993524514338,0.5234926911164379,0.9857621192932129,0.5246993524514338
Subject-Dependent,Subject20,fi,RF,28,0.5781845919145691,0.5775994139022873,6.419026851654053,0.5507246376811594
Cross-Subject,Subject20,fi,RF,24,0.5478260869565217,0.5354108591968064,25.55447292327881,0.5246993524514338
Subject-Dependent,Subject20,fi,DT,28,0.5179252479023646,0.5181726423623605,1.339578628540039,0.5507246376811594
Cross-Subject,Subject20,fi,DT,24,0.5198889916743756,0.5191468873213625,38.654542207717896,0.5246993524514338
Subject-Dependent,Subject20,fi,GBoosting,28,0.5697940503432495,0.5685207833862502,22.683589220046997,0.5507246376811594
Cross-Subject,Subject20,fi,GBoosting,24,0.5533765032377428,0.5413452834869696,178.33532094955444,0.5246993524514338
Subject-Dependent,Subject20,lcc,KNN,42,0.5415713196033562,0.5427480821648145,0.00811624526977539,0.5507246376811594
Cross-Subject,Subject20,lcc,KNN,27,0.5246993524514338,0.5239481933886132,0.7377405166625977,0.5246993524514338
Subject-Dependent,Subject20,lcc,RF,42,0.551487414187643,0.5524727083413519,8.87255573272705,0.5507246376811594
Cross-Subject,Subject20,lcc,RF,27,0.5469010175763183,0.5322694331172193,71.42394423484802,0.5246993524514338
Subject-Dependent,Subject20,lcc,DT,42,0.4851258581235698,0.48630029006442904,2.154583692550659,0.5507246376811594
Cross-Subject,Subject20,lcc,DT,27,0.5278445883441258,0.5241140237530225,49.79016613960266,0.5246993524514338
Subject-Dependent,Subject20,lcc,GBoosting,42,0.5522501906941266,0.5528390879775977,40.93445706367493,0.5507246376811594
Cross-Subject,Subject20,lcc,GBoosting,27,0.5413506012950972,0.5254764537512999,106.4575264453888,0.5246993524514338
Subject-Dependent,Subject20,pca,KNN,44,0.5530129672006102,0.5541479844983432,0.1437087059020996,0.5507246376811594
Cross-Subject,Subject20,pca,KNN,49,0.5322849213691027,0.5274054368157818,1.2524313926696777,0.5246993524514338
Subject-Dependent,Subject20,pca,RF,44,0.5751334858886347,0.5760946768301763,13.559860467910767,0.5507246376811594
Cross-Subject,Subject20,pca,RF,49,0.5454209065679926,0.527531379801835,181.538635969162,0.5246993524514338
Subject-Dependent,Subject20,pca,DT,44,0.5446224256292906,0.5457942020884277,2.1433403491973877,0.5507246376811594
Cross-Subject,Subject20,pca,DT,49,0.5239592969472711,0.5233353731173416,89.09910845756531,0.5246993524514338
Subject-Dependent,Subject20,pca,GBoosting,44,0.5713196033562167,0.5719508258293214,47.4373574256897,0.5507246376811594
Cross-Subject,Subject20,pca,GBoosting,49,0.548936170212766,0.5393066373259788,119.5897445678711,0.5246993524514338
Subject-Dependent,Subject2,none,KNN,84,0.5911517925247902,0.5839590037430714,0.028054237365722656,0.5507246376811594
Cross-Subject,Subject2,none,KNN,84,0.49324699352451434,0.49349057772598665,0.31667423248291016,0.5246993524514338
Subject-Dependent,Subject2,none,RF,84,0.6720061022120518,0.6704757024666798,19.091918468475342,0.5507246376811594
Cross-Subject,Subject2,none,RF,84,0.5324699352451434,0.5301132909645874,394.38541531562805,0.5246993524514338
Subject-Dependent,Subject2,none,DT,84,0.5758962623951183,0.5757259986725358,3.725463390350342,0.5507246376811594
Cross-Subject,Subject2,none,DT,84,0.5039777983348751,0.5041159215349696,90.67958068847656,0.5246993524514338
Subject-Dependent,Subject2,none,GBoosting,84,0.6720061022120518,0.6698399243744654,18.421483516693115,0.5507246376811594
Cross-Subject,Subject2,none,GBoosting,84,0.5469010175763183,0.5465015961743022,39.60452914237976,0.5246993524514338
Subject-Dependent,Subject2,anova,KNN,56,0.6033562166285278,0.5962025325068089,0.0603330135345459,0.5507246376811594
Cross-Subject,Subject2,anova,KNN,59,0.5147086031452359,0.514902592722327,1.0185227394104004,0.5246993524514338
Subject-Dependent,Subject2,anova,RF,56,0.6819221967963387,0.6799598717182415,8.83078908920288,0.5507246376811594
Cross-Subject,Subject2,anova,RF,59,0.5369102682701202,0.5346278974048582,582.2882397174835,0.5246993524514338
Subject-Dependent,Subject2,anova,DT,56,0.597254004576659,0.5974606885558962,6.516371965408325,0.5507246376811594
Cross-Subject,Subject2,anova,DT,59,0.506567992599445,0.5068075007883716,85.91545844078064,0.5246993524514338
Subject-Dependent,Subject2,anova,GBoosting,56,0.6803966437833715,0.6774329877931645,14.646366596221924,0.5507246376811594
Cross-Subject,Subject2,anova,GBoosting,59,0.5517113783533765,0.5508905297903426,178.11290574073792,0.5246993524514338
Subject-Dependent,Subject2,fi,KNN,20,0.6140350877192983,0.6114860505429754,0.003978252410888672,0.5507246376811594
Cross-Subject,Subject2,fi,KNN,27,0.4963922294172063,0.4958046348629859,0.9809601306915283,0.5246993524514338
Subject-Dependent,Subject2,fi,RF,20,0.6781083142639207,0.6768508897193611,16.434274435043335,0.5507246376811594
Cross-Subject,Subject2,fi,RF,27,0.5267345050878816,0.5215303904988443,90.32327604293823,0.5246993524514338
Subject-Dependent,Subject2,fi,DT,20,0.597254004576659,0.5972849360090016,1.248924970626831,0.5507246376811594
Cross-Subject,Subject2,fi,DT,27,0.5008325624421832,0.5005857222531838,46.30993342399597,0.5246993524514338
Subject-Dependent,Subject2,fi,GBoosting,20,0.662090007627765,0.6610513117694585,24.92175579071045,0.5507246376811594
Cross-Subject,Subject2,fi,GBoosting,27,0.556336725254394,0.5538310366652247,158.50874733924866,0.5246993524514338
Subject-Dependent,Subject2,lcc,KNN,37,0.6018306636155606,0.5970855198204784,0.038895606994628906,0.5507246376811594
Cross-Subject,Subject2,lcc,KNN,27,0.4939870490286771,0.49352638727753845,0.9959895610809326,0.5246993524514338
Subject-Dependent,Subject2,lcc,RF,37,0.6933638443935927,0.6926588705070081,7.4878010749816895,0.5507246376811594
Cross-Subject,Subject2,lcc,RF,27,0.509713228492137,0.5015097011533715,81.85771656036377,0.5246993524514338
Subject-Dependent,Subject2,lcc,DT,37,0.6117467581998475,0.6124111973096008,1.7459850311279297,0.5507246376811594
Cross-Subject,Subject2,lcc,DT,27,0.4960222016651249,0.49543417537353923,55.808732748031616,0.5246993524514338
Subject-Dependent,Subject2,lcc,GBoosting,37,0.6651411136536994,0.6636220643802813,44.639055490493774,0.5507246376811594
Cross-Subject,Subject2,lcc,GBoosting,27,0.5073080481036077,0.503154483978569,145.54231595993042,0.5246993524514338
Subject-Dependent,Subject2,pca,KNN,51,0.6048817696414951,0.604971427542202,0.1803755760192871,0.5507246376811594
Cross-Subject,Subject2,pca,KNN,48,0.5132284921369102,0.5128938815148378,1.5013396739959717,0.5246993524514338
Subject-Dependent,Subject2,pca,RF,51,0.6117467581998475,0.6097815340353469,19.342794179916382,0.5507246376811594
Cross-Subject,Subject2,pca,RF,48,0.5365402405180388,0.5362091878804147,125.1172297000885,0.5246993524514338
Subject-Dependent,Subject2,pca,DT,51,0.543859649122807,0.5440937343871702,1.7399823665618896,0.5507246376811594
Cross-Subject,Subject2,pca,DT,48,0.5163737280296022,0.5166663280968032,87.90788435935974,0.5246993524514338
Subject-Dependent,Subject2,pca,GBoosting,51,0.627765064836003,0.6246189402381112,61.41427040100098,0.5507246376811594
Cross-Subject,Subject2,pca,GBoosting,48,0.5387604070305273,0.5387931204457547,248.9065225124359,0.5246993524514338
Subject-Dependent,Subject3,none,KNN,84,0.6048817696414951,0.6051670465290014,0.02517080307006836,0.5507246376811594
Cross-Subject,Subject3,none,KNN,84,0.47604070305272894,0.46117232202488506,0.37151575088500977,0.5246993524514338
Subject-Dependent,Subject3,none,RF,84,0.6163234172387491,0.6172937268263434,22.4953351020813,0.5507246376811594
Cross-Subject,Subject3,none,RF,84,0.5256244218316374,0.4166726430866191,357.2267725467682,0.5246993524514338
Subject-Dependent,Subject3,none,DT,84,0.540045766590389,0.5409809807529092,5.616085052490234,0.5507246376811594
Cross-Subject,Subject3,none,DT,84,0.510268270120259,0.5033727311750994,95.04754400253296,0.5246993524514338
Subject-Dependent,Subject3,none,GBoosting,84,0.593440122044241,0.593676678773103,19.082428216934204,0.5507246376811594
Cross-Subject,Subject3,none,GBoosting,84,0.5341350601295097,0.4115369604569931,53.91314458847046,0.5246993524514338
Subject-Dependent,Subject3,anova,KNN,56,0.5980167810831426,0.5985709231978777,0.05588102340698242,0.5507246376811594
Cross-Subject,Subject3,anova,KNN,57,0.4827012025901943,0.46483532603912825,1.034240961074829,0.5246993524514338
Subject-Dependent,Subject3,anova,RF,56,0.6247139588100686,0.6256237660054818,19.511703491210938,0.5507246376811594
Cross-Subject,Subject3,anova,RF,57,0.5160037002775208,0.41633306627529915,491.9170649051666,0.5246993524514338
Subject-Dependent,Subject3,anova,DT,56,0.551487414187643,0.5524036927544913,5.827824592590332,0.5507246376811594
Cross-Subject,Subject3,anova,DT,57,0.49916743755781684,0.4933915455944217,81.81877779960632,0.5246993524514338
Subject-Dependent,Subject3,anova,GBoosting,56,0.5888634630053394,0.5897277399382691,9.716614723205566,0.5507246376811594
Cross-Subject,Subject3,anova,GBoosting,57,0.5369102682701202,0.4146582403189861,97.65747833251953,0.5246993524514338
Subject-Dependent,Subject3,fi,KNN,26,0.589626239511823,0.5904927381615025,0.004952907562255859,0.5507246376811594
Cross-Subject,Subject3,fi,KNN,27,0.5123034227567067,0.48180024134715227,0.9181594848632812,0.5246993524514338
Subject-Dependent,Subject3,fi,RF,26,0.6064073226544623,0.6073664657077796,10.642757892608643,0.5507246376811594
Cross-Subject,Subject3,fi,RF,27,0.52895467160037,0.4018379218210006,151.0548312664032,0.5246993524514338
Subject-Dependent,Subject3,fi,DT,26,0.5560640732265446,0.5562918953400219,2.626485824584961,0.5507246376811594
Cross-Subject,Subject3,fi,DT,27,0.5219241443108233,0.5065877729447817,66.62091851234436,0.5246993524514338
Subject-Dependent,Subject3,fi,GBoosting,26,0.5873379099923722,0.5879243953397363,26.162177324295044,0.5507246376811594
Cross-Subject,Subject3,fi,GBoosting,27,0.533395004625347,0.4018481607328704,360.0526554584503,0.5246993524514338
Subject-Dependent,Subject3,lcc,KNN,39,0.597254004576659,0.5979473792912129,0.009790182113647461,0.5507246376811594
Cross-Subject,Subject3,lcc,KNN,37,0.5013876040703052,0.4912764345029316,0.17664217948913574,0.5246993524514338
Subject-Dependent,Subject3,lcc,RF,39,0.6864988558352403,0.6872841477029664,0.6388142108917236,0.5507246376811594
Cross-Subject,Subject3,lcc,RF,37,0.51840888066605,0.43380197244457896,26.262514352798462,0.5246993524514338
Subject-Dependent,Subject3,lcc,DT,39,0.589626239511823,0.5905925774925032,0.6272008419036865,0.5507246376811594
Cross-Subject,Subject3,lcc,DT,37,0.502127659574468,0.49679416669931487,28.538933515548706,0.5246993524514338
Subject-Dependent,Subject3,lcc,GBoosting,39,0.658276125095347,0.659080808023497,465.3319888114929,0.5507246376811594
Cross-Subject,Subject3,lcc,GBoosting,37,0.533395004625347,0.420807985089259,61.115617990493774,0.5246993524514338
Subject-Dependent,Subject3,pca,KNN,42,0.5705568268497331,0.5716512114205178,0.007559299468994141,0.5507246376811594
Cross-Subject,Subject3,pca,KNN,49,0.4958371877890842,0.4739432978768317,0.16008496284484863,0.5246993524514338
Subject-Dependent,Subject3,pca,RF,42,0.6285278413424866,0.6290399233346614,0.8724205493927002,0.5507246376811594
Cross-Subject,Subject3,pca,RF,49,0.49509713228492136,0.42220226161687135,28.712805032730103,0.5246993524514338
Subject-Dependent,Subject3,pca,DT,42,0.5621662852784134,0.5623622390304678,0.5729115009307861,0.5507246376811594
Cross-Subject,Subject3,pca,DT,49,0.4804810360777058,0.4754662773037951,50.86878323554993,0.5246993524514338
Subject-Dependent,Subject3,pca,GBoosting,42,0.6178489702517163,0.6188248906155258,243.8111231327057,0.5507246376811594
Cross-Subject,Subject3,pca,GBoosting,49,0.4978723404255319,0.42332898281719006,8.233654260635376,0.5246993524514338
Subject-Dependent,Subject4,none,KNN,84,0.6048817696414951,0.6046194180581532,0.0574793815612793,0.5507246376811594
Cross-Subject,Subject4,none,KNN,84,0.5137835337650324,0.5140647737592728,1.339233160018921,0.5246993524514338
Subject-Dependent,Subject4,none,RF,84,0.6933638443935927,0.6936796705552034,26.0511257648468,0.5507246376811594
Cross-Subject,Subject4,none,RF,84,0.5774283071230343,0.5766623067535107,319.02799129486084,0.5246993524514338
Subject-Dependent,Subject4,none,DT,84,0.5469107551487414,0.5480795354776189,1.218721628189087,0.5507246376811594
Cross-Subject,Subject4,none,DT,84,0.5193339500462535,0.518427138360946,81.90295696258545,0.5246993524514338
Subject-Dependent,Subject4,none,GBoosting,84,0.7048054919908466,0.7053106745752761,19.752047777175903,0.5507246376811594
Cross-Subject,Subject4,none,GBoosting,84,0.6027752081406106,0.5999463498614155,39.40071988105774,0.5246993524514338
Subject-Dependent,Subject4,anova,KNN,54,0.6064073226544623,0.6074012435568499,0.08656191825866699,0.5507246376811594
Cross-Subject,Subject4,anova,KNN,58,0.5250693802035152,0.5251849706001863,1.0838820934295654,0.5246993524514338
Subject-Dependent,Subject4,anova,RF,54,0.6826849733028223,0.6828031335924174,7.796130657196045,0.5507246376811594
Cross-Subject,Subject4,anova,RF,58,0.5641073080481036,0.5643488257584445,587.381411075592,0.5246993524514338
Subject-Dependent,Subject4,anova,DT,54,0.5919145690312738,0.5922359910031878,7.89055323600769,0.5507246376811594
Cross-Subject,Subject4,anova,DT,58,0.5073080481036077,0.5075318113867131,78.08343386650085,0.5246993524514338
Subject-Dependent,Subject4,anova,GBoosting,54,0.6857360793287567,0.6863636937441046,22.03095841407776,0.5507246376811594
Cross-Subject,Subject4,anova,GBoosting,58,0.5748381128584644,0.5737997825408054,52.001020669937134,0.5246993524514338
Subject-Dependent,Subject4,fi,KNN,24,0.6132723112128147,0.6141331791475064,0.005654573440551758,0.5507246376811594
Cross-Subject,Subject4,fi,KNN,26,0.5319148936170213,0.5315484908954232,0.8790392875671387,0.5246993524514338
Subject-Dependent,Subject4,fi,RF,24,0.669717772692601,0.669909947295973,9.470265865325928,0.5507246376811594
Cross-Subject,Subject4,fi,RF,26,0.5629972247918594,0.5601260995019646,154.2367386817932,0.5246993524514338
Subject-Dependent,Subject4,fi,DT,24,0.5804729214340199,0.581340629500314,3.3625664710998535,0.5507246376811594
Cross-Subject,Subject4,fi,DT,26,0.5198889916743756,0.5198192849865824,91.33039617538452,0.5246993524514338
Subject-Dependent,Subject4,fi,GBoosting,24,0.665903890160183,0.6659295491892854,35.226749897003174,0.5507246376811594
Cross-Subject,Subject4,fi,GBoosting,26,0.5920444033302498,0.5872712557152697,59.50482773780823,0.5246993524514338
Subject-Dependent,Subject4,lcc,KNN,34,0.6056445461479787,0.6060268485213032,0.04134798049926758,0.5507246376811594
Cross-Subject,Subject4,lcc,KNN,28,0.5283996299722479,0.5283549138642626,0.17976832389831543,0.5246993524514338
Subject-Dependent,Subject4,lcc,RF,34,0.669717772692601,0.669129603418315,8.293758153915405,0.5507246376811594
Cross-Subject,Subject4,lcc,RF,28,0.5876040703052728,0.587704440774373,126.15404081344604,0.5246993524514338
Subject-Dependent,Subject4,lcc,DT,34,0.562929061784897,0.5640374366486927,3.6189286708831787,0.5507246376811594
Cross-Subject,Subject4,lcc,DT,28,0.525254394079556,0.5254957996493564,106.32127618789673,0.5246993524514338
Subject-Dependent,Subject4,lcc,GBoosting,34,0.658276125095347,0.6569412288963834,60.04971361160278,0.5507246376811594
Cross-Subject,Subject4,lcc,GBoosting,28,0.6027752081406106,0.5996105579697873,63.0785596370697,0.5246993524514338
Subject-Dependent,Subject4,pca,KNN,48,0.6064073226544623,0.6002383575530859,0.05005526542663574,0.5507246376811594
Cross-Subject,Subject4,pca,KNN,49,0.5348751156336725,0.5343897067399501,0.45688843727111816,0.5246993524514338
Subject-Dependent,Subject4,pca,RF,48,0.7124332570556827,0.7127318223012876,9.370638132095337,0.5507246376811594
Cross-Subject,Subject4,pca,RF,49,0.5879740980573543,0.5828006744566547,259.91329646110535,0.5246993524514338
Subject-Dependent,Subject4,pca,DT,48,0.5713196033562167,0.5719330805764488,5.012263536453247,0.5507246376811594
Cross-Subject,Subject4,pca,DT,49,0.5230342275670675,0.523016484926861,102.81602501869202,0.5246993524514338
Subject-Dependent,Subject4,pca,GBoosting,48,0.6956521739130435,0.696414537551055,52.023945808410645,0.5507246376811594
Cross-Subject,Subject4,pca,GBoosting,49,0.6051803885291397,0.6016655769289029,118.74490666389465,0.5246993524514338
Subject-Dependent,Subject5,none,KNN,84,0.5797101449275363,0.5805338084582753,0.01214742660522461,0.5507246376811594
Cross-Subject,Subject5,none,KNN,84,0.5291396854764108,0.5166046212903729,2.589075803756714,0.5246993524514338
Subject-Dependent,Subject5,none,RF,84,0.6003051106025934,0.6001446462309511,26.944931030273438,0.5507246376811594
Cross-Subject,Subject5,none,RF,84,0.5328399629972248,0.47803406601710147,298.3947796821594,0.5246993524514338
Subject-Dependent,Subject5,none,DT,84,0.5423340961098398,0.5434898180893604,1.9241628646850586,0.5507246376811594
Cross-Subject,Subject5,none,DT,84,0.5061979648473636,0.5019510718633448,93.40768933296204,0.5246993524514338
Subject-Dependent,Subject5,none,GBoosting,84,0.5964912280701754,0.5964278392933022,25.731075525283813,0.5507246376811594
Cross-Subject,Subject5,none,GBoosting,84,0.5245143385753932,0.44865947634811243,141.13327193260193,0.5246993524514338
Subject-Dependent,Subject5,anova,KNN,46,0.5644546147978642,0.5649792775779834,0.3566551208496094,0.5507246376811594
Cross-Subject,Subject5,anova,KNN,58,0.5234042553191489,0.5069411494425325,5.378222942352295,0.5246993524514338
Subject-Dependent,Subject5,anova,RF,46,0.5987795575896262,0.5989289621865663,30.61709427833557,0.5507246376811594
Cross-Subject,Subject5,anova,RF,58,0.5185938945420907,0.4607540647059388,294.34490275382996,0.5246993524514338
Subject-Dependent,Subject5,anova,DT,46,0.5713196033562167,0.5724021296103676,2.0833427906036377,0.5507246376811594
Cross-Subject,Subject5,anova,DT,58,0.5104532839962997,0.5026322359800673,72.68465542793274,0.5246993524514338
Subject-Dependent,Subject5,anova,GBoosting,46,0.6117467581998475,0.6118633219340361,10.820705652236938,0.5507246376811594
Cross-Subject,Subject5,anova,GBoosting,58,0.5124884366327475,0.4301049671597684,134.5549430847168,0.5246993524514338
Subject-Dependent,Subject5,fi,KNN,19,0.5789473684210527,0.579567359177554,0.0047528743743896484,0.5507246376811594
Cross-Subject,Subject5,fi,KNN,26,0.5352451433857539,0.5137876762566885,0.9615960121154785,0.5246993524514338
Subject-Dependent,Subject5,fi,RF,19,0.6018306636155606,0.602595646341819,12.904250621795654,0.5507246376811594
Cross-Subject,Subject5,fi,RF,26,0.5193339500462535,0.44334912319134745,125.66043019294739,0.5246993524514338
Subject-Dependent,Subject5,fi,DT,19,0.5408085430968727,0.5419916450792317,1.66135835647583,0.5507246376811594
Cross-Subject,Subject5,fi,DT,26,0.5135985198889916,0.508149496638533,57.433141469955444,0.5246993524514338
Subject-Dependent,Subject5,fi,GBoosting,19,0.6041189931350115,0.6046396706309595,23.57929253578186,0.5507246376811594
Cross-Subject,Subject5,fi,GBoosting,26,0.5080481036077705,0.4168306202449959,105.23892545700073,0.5246993524514338
Subject-Dependent,Subject5,lcc,KNN,27,0.5575896262395118,0.5584040017063003,0.006876707077026367,0.5507246376811594
Cross-Subject,Subject5,lcc,KNN,28,0.5330249768732654,0.5128649968013343,0.9301478862762451,0.5246993524514338
Subject-Dependent,Subject5,lcc,RF,27,0.593440122044241,0.5932428369464977,11.47022819519043,0.5507246376811594
Cross-Subject,Subject5,lcc,RF,28,0.5150786308973173,0.4461067465731418,102.35935425758362,0.5246993524514338
Subject-Dependent,Subject5,lcc,DT,27,0.5545385202135774,0.5551482726406892,2.4659814834594727,0.5507246376811594
Cross-Subject,Subject5,lcc,DT,28,0.5143385753931545,0.506125196550302,69.96851181983948,0.5246993524514338
Subject-Dependent,Subject5,lcc,GBoosting,27,0.6079328756674295,0.6080788717944775,45.96963715553284,0.5507246376811594
Cross-Subject,Subject5,lcc,GBoosting,28,0.503422756706753,0.40778459773757897,76.879709482193,0.5246993524514338
Subject-Dependent,Subject5,pca,KNN,41,0.5850495804729214,0.5860942293322112,0.006833076477050781,0.5507246376811594
Cross-Subject,Subject5,pca,KNN,49,0.5395004625346901,0.5309106822546501,0.6695432662963867,0.5246993524514338
Subject-Dependent,Subject5,pca,RF,41,0.6231884057971014,0.6239123549671621,11.715750217437744,0.5507246376811594
Cross-Subject,Subject5,pca,RF,49,0.5502312673450509,0.526411416881172,216.78469944000244,0.5246993524514338
Subject-Dependent,Subject5,pca,DT,41,0.5255530129672006,0.526251625739925,4.051344394683838,0.5507246376811594
Cross-Subject,Subject5,pca,DT,49,0.5165587419056429,0.5142860404959816,103.74551200866699,0.5246993524514338
Subject-Dependent,Subject5,pca,GBoosting,41,0.6155606407322655,0.6152747673084279,52.56053328514099,0.5507246376811594
Cross-Subject,Subject5,pca,GBoosting,49,0.537095282146161,0.4978480777652297,203.87380647659302,0.5246993524514338
Subject-Dependent,Subject6,none,KNN,84,0.5560640732265446,0.5520214507128817,0.02241206169128418,0.5507246376811594
Cross-Subject,Subject6,none,KNN,84,0.5308048103607771,0.5309352280181009,0.2693650722503662,0.5246993524514338
Subject-Dependent,Subject6,none,RF,84,0.562929061784897,0.5588761384379076,1.1354196071624756,0.5507246376811594
Cross-Subject,Subject6,none,RF,84,0.5652173913043478,0.5625782333957595,109.96350526809692,0.5246993524514338
Subject-Dependent,Subject6,none,DT,84,0.5232646834477498,0.5244451617238333,4.638111591339111,0.5507246376811594
Cross-Subject,Subject6,none,DT,84,0.5049028677150786,0.5041631054442289,95.94067883491516,0.5246993524514338
Subject-Dependent,Subject6,none,GBoosting,84,0.5583524027459954,0.5549688761677382,13.752423286437988,0.5507246376811594
Cross-Subject,Subject6,none,GBoosting,84,0.5639222941720629,0.5640495533665074,9.945869445800781,0.5246993524514338
Subject-Dependent,Subject6,anova,KNN,51,0.5919145690312738,0.5886605456764226,0.009187936782836914,0.5507246376811594
Cross-Subject,Subject6,anova,KNN,59,0.5328399629972248,0.5329536621602924,0.2181715965270996,0.5246993524514338
Subject-Dependent,Subject6,anova,RF,51,0.559115179252479,0.5524835926061823,0.8242859840393066,0.5507246376811594
Cross-Subject,Subject6,anova,RF,59,0.5650323774283071,0.5652745756033732,91.90027260780334,0.5246993524514338
Subject-Dependent,Subject6,anova,DT,51,0.5430968726163234,0.5439922890499218,1.5995500087738037,0.5507246376811594
Cross-Subject,Subject6,anova,DT,59,0.5298797409805736,0.5301571192456993,41.19655680656433,0.5246993524514338
Subject-Dependent,Subject6,anova,GBoosting,51,0.5530129672006102,0.5505687754682199,14.27455472946167,0.5507246376811594
Cross-Subject,Subject6,anova,GBoosting,59,0.5637372802960222,0.5634727836075843,79.38189744949341,0.5246993524514338
Subject-Dependent,Subject6,fi,KNN,13,0.524790236460717,0.5167410717795275,0.04250144958496094,0.5507246376811594
Cross-Subject,Subject6,fi,KNN,26,0.5365402405180388,0.5368188734013468,0.17686867713928223,0.5246993524514338
Subject-Dependent,Subject6,fi,RF,13,0.5347063310450039,0.5252492938278974,0.4793813228607178,0.5507246376811594
Cross-Subject,Subject6,fi,RF,26,0.5618871415356151,0.5600461491399332,20.50225806236267,0.5246993524514338
Subject-Dependent,Subject6,fi,DT,13,0.5141113653699466,0.5133428320747159,0.1954503059387207,0.5507246376811594
Cross-Subject,Subject6,fi,DT,26,0.5237742830712303,0.5235620314780771,29.621390104293823,0.5246993524514338
Subject-Dependent,Subject6,fi,GBoosting,13,0.5278413424866514,0.5196383745566102,31.422951698303223,0.5507246376811594
Cross-Subject,Subject6,fi,GBoosting,26,0.544495837187789,0.5446726983021848,31.318057537078857,0.5246993524514338
Subject-Dependent,Subject6,lcc,KNN,27,0.5453852021357742,0.5413951652205311,0.003732442855834961,0.5507246376811594
Cross-Subject,Subject6,lcc,KNN,31,0.5235892691951897,0.5237965661095267,0.09748315811157227,0.5246993524514338
Subject-Dependent,Subject6,lcc,RF,27,0.5537757437070938,0.545224124282036,0.5746712684631348,0.5507246376811594
Cross-Subject,Subject6,lcc,RF,31,0.5618871415356151,0.5621542642718981,20.97205400466919,0.5246993524514338
Subject-Dependent,Subject6,lcc,DT,27,0.5331807780320366,0.5338681590881578,0.3444831371307373,0.5507246376811594
Cross-Subject,Subject6,lcc,DT,31,0.5437557816836263,0.5440248522672055,35.66232705116272,0.5246993524514338
Subject-Dependent,Subject6,lcc,GBoosting,27,0.5446224256292906,0.5405509275748906,35.02771615982056,0.5507246376811594
Cross-Subject,Subject6,lcc,GBoosting,31,0.5659574468085107,0.5652746590175025,51.78279185295105,0.5246993524514338
Subject-Dependent,Subject6,pca,KNN,47,0.5430968726163234,0.5387061513657136,0.009773731231689453,0.5507246376811594
Cross-Subject,Subject6,pca,KNN,49,0.5463459759481961,0.5462520573267265,0.1239321231842041,0.5246993524514338
Subject-Dependent,Subject6,pca,RF,47,0.5652173913043478,0.5647372095051911,0.7215414047241211,0.5507246376811594
Cross-Subject,Subject6,pca,RF,49,0.6090656799259945,0.6066806794188098,26.79745626449585,0.5246993524514338
Subject-Dependent,Subject6,pca,DT,47,0.5530129672006102,0.5537576021511058,0.5979897975921631,0.5507246376811594
Cross-Subject,Subject6,pca,DT,49,0.5348751156336725,0.5349681566406561,33.81716990470886,0.5246993524514338
Subject-Dependent,Subject6,pca,GBoosting,47,0.5575896262395118,0.5572606449184289,0.4582633972167969,0.5507246376811594
Cross-Subject,Subject6,pca,GBoosting,49,0.6166512488436633,0.6161550473243211,1.3683726787567139,0.5246993524514338
Subject-Dependent,Subject7,none,KNN,84,0.6475972540045767,0.6357905766566705,0.01333165168762207,0.5507246376811594
Cross-Subject,Subject7,none,KNN,84,0.49611255090707146,0.49080249541946086,0.4234161376953125,0.5249907441688264
Subject-Dependent,Subject7,none,RF,84,0.7315026697177727,0.7214739035710903,2.2201898097991943,0.5507246376811594
Cross-Subject,Subject7,none,RF,84,0.5157349129951869,0.5120527471255699,117.51861786842346,0.5249907441688264
Subject-Dependent,Subject7,none,DT,84,0.6605644546147978,0.6583797160690874,1.1695921421051025,0.5507246376811594
Cross-Subject,Subject7,none,DT,84,0.4922251018141429,0.4924138478789241,92.31565952301025,0.5249907441688264
Subject-Dependent,Subject7,none,GBoosting,84,0.7643020594965675,0.7564786372413227,7.277560472488403,0.5507246376811594
Cross-Subject,Subject7,none,GBoosting,84,0.5146242132543503,0.5136079685328363,11.106066942214966,0.5249907441688264
Subject-Dependent,Subject7,anova,KNN,57,0.6681922196796338,0.6589501946242929,0.018849611282348633,0.5507246376811594
Cross-Subject,Subject7,anova,KNN,55,0.5153646797482414,0.5152152070733441,0.23745059967041016,0.5249907441688264
Subject-Dependent,Subject7,anova,RF,57,0.7475209763539283,0.7386640098668358,3.4395949840545654,0.5507246376811594
Cross-Subject,Subject7,anova,RF,55,0.5562754535357275,0.5524161486224356,88.83801484107971,0.5249907441688264
Subject-Dependent,Subject7,anova,DT,57,0.665903890160183,0.6630738026729854,0.9538507461547852,0.5507246376811594
Cross-Subject,Subject7,anova,DT,55,0.5094409477971121,0.5096370457431505,35.219184160232544,0.5249907441688264
Subject-Dependent,Subject7,anova,GBoosting,57,0.7757437070938215,0.7689121842240935,0.5022048950195312,0.5507246376811594
Cross-Subject,Subject7,anova,GBoosting,55,0.546279155868197,0.5457518839584926,5.0862627029418945,0.5249907441688264
Subject-Dependent,Subject7,fi,KNN,19,0.704042715484363,0.6952016352505546,0.004401445388793945,0.5507246376811594
Cross-Subject,Subject7,fi,KNN,27,0.481673454276194,0.47997757337465763,0.09919333457946777,0.5249907441688264
Subject-Dependent,Subject7,fi,RF,19,0.7353165522501907,0.725861709248164,0.5292510986328125,0.5507246376811594
Cross-Subject,Subject7,fi,RF,27,0.4942613846723436,0.4918220997262032,18.792303800582886,0.5249907441688264
Subject-Dependent,Subject7,fi,DT,19,0.6529366895499619,0.6493405956286319,0.23147082328796387,0.5507246376811594
Cross-Subject,Subject7,fi,DT,27,0.4970381340244354,0.4973440443038234,36.818108320236206,0.5249907441688264
Subject-Dependent,Subject7,fi,GBoosting,19,0.7475209763539283,0.7396033789286184,47.6935088634491,0.5507246376811594
Cross-Subject,Subject7,fi,GBoosting,27,0.5155497963717142,0.5144102236138348,22.337913990020752,0.5249907441688264
Subject-Dependent,Subject7,lcc,KNN,33,0.6750572082379863,0.6653502490122067,0.006552219390869141,0.5507246376811594
Cross-Subject,Subject7,lcc,KNN,27,0.521843761569789,0.5220099534411333,0.09956717491149902,0.5249907441688264
Subject-Dependent,Subject7,lcc,RF,33,0.7589626239511823,0.7513310893382009,0.5626373291015625,0.5507246376811594
Cross-Subject,Subject7,lcc,RF,27,0.5475749722325065,0.5396444800116823,21.133941888809204,0.5249907441688264
Subject-Dependent,Subject7,lcc,DT,33,0.662090007627765,0.6603022248350955,0.3841087818145752,0.5507246376811594
Cross-Subject,Subject7,lcc,DT,27,0.5146242132543503,0.5145871233738885,31.099289894104004,0.5249907441688264
Subject-Dependent,Subject7,lcc,GBoosting,33,0.7581998474446987,0.7507619942807617,30.051331043243408,0.5507246376811594
Cross-Subject,Subject7,lcc,GBoosting,27,0.5531284709366902,0.5460592079854146,33.8887984752655,0.5249907441688264
Subject-Dependent,Subject7,pca,KNN,47,0.6506483600305111,0.6317083259041173,0.014928579330444336,0.5507246376811594
Cross-Subject,Subject7,pca,KNN,49,0.5149944465012958,0.5134744183137702,0.11121129989624023,0.5249907441688264
Subject-Dependent,Subject7,pca,RF,47,0.6826849733028223,0.6724454535521839,0.6956696510314941,0.5507246376811594
Cross-Subject,Subject7,pca,RF,49,0.5259163272861903,0.525160364717944,26.772278308868408,0.5249907441688264
Subject-Dependent,Subject7,pca,DT,47,0.5957284515636918,0.592944304976123,0.5660343170166016,0.5507246376811594
Cross-Subject,Subject7,pca,DT,49,0.512217697149204,0.5125031121540071,47.68257212638855,0.5249907441688264
Subject-Dependent,Subject7,pca,GBoosting,47,0.7070938215102975,0.698852138152118,43.35202932357788,0.5507246376811594
Cross-Subject,Subject7,pca,GBoosting,49,0.5288781932617549,0.528779247219901,48.66276454925537,0.5249907441688264
Subject-Dependent,Subject8,none,KNN,84,0.5186880244088482,0.5194947751997142,0.011928558349609375,0.5507246376811594
Cross-Subject,Subject8,none,KNN,84,0.5263644773358002,0.5212332648507064,0.44559621810913086,0.5246993524514338
Subject-Dependent,Subject8,none,RF,84,0.4889397406559878,0.49017870573917216,3.3614919185638428,0.5507246376811594
Cross-Subject,Subject8,none,RF,84,0.5456059204440333,0.4770023507686266,117.43501687049866,0.5246993524514338
Subject-Dependent,Subject8,none,DT,84,0.509534706331045,0.5104425303816055,2.014963150024414,0.5507246376811594
Cross-Subject,Subject8,none,DT,84,0.5150786308973173,0.5087769387911042,90.46350646018982,0.5246993524514338
Subject-Dependent,Subject8,none,GBoosting,84,0.543859649122807,0.5433065112968384,6.726155042648315,0.5507246376811594
Cross-Subject,Subject8,none,GBoosting,84,0.5361702127659574,0.45998959941112966,9.757650136947632,0.5246993524514338
Subject-Dependent,Subject8,anova,KNN,53,0.4996186117467582,0.5007465210915084,0.008184671401977539,0.5507246376811594
Cross-Subject,Subject8,anova,KNN,59,0.5161887141535615,0.512870054563106,0.17319440841674805,0.5246993524514338
Subject-Dependent,Subject8,anova,RF,53,0.5110602593440122,0.5122850089479354,1.2080848217010498,0.5507246376811594
Cross-Subject,Subject8,anova,RF,59,0.5456059204440333,0.49621929283037763,91.94956612586975,0.5246993524514338
Subject-Dependent,Subject8,anova,DT,53,0.5255530129672006,0.5254776816012351,1.941056251525879,0.5507246376811594
Cross-Subject,Subject8,anova,DT,59,0.513968547641073,0.5098011923253823,39.04753923416138,0.5246993524514338
Subject-Dependent,Subject8,anova,GBoosting,53,0.5636918382913806,0.5641182764322537,3.304348945617676,0.5507246376811594
Cross-Subject,Subject8,anova,GBoosting,59,0.5469010175763183,0.4917112407809509,41.84783744812012,0.5246993524514338
Subject-Dependent,Subject8,fi,KNN,29,0.498093058733791,0.4992669062814941,0.004241466522216797,0.5507246376811594
Cross-Subject,Subject8,fi,KNN,25,0.520259019426457,0.5086298672908257,0.08079051971435547,0.5246993524514338
Subject-Dependent,Subject8,fi,RF,29,0.5255530129672006,0.5263261244092703,1.4033739566802979,0.5507246376811594
Cross-Subject,Subject8,fi,RF,25,0.5378353376503238,0.4724814192150904,27.846554040908813,0.5246993524514338
Subject-Dependent,Subject8,fi,DT,29,0.4820747520976354,0.48311416812375013,0.7422993183135986,0.5507246376811594
Cross-Subject,Subject8,fi,DT,25,0.521554116558742,0.5135487121443842,38.714332818984985,0.5246993524514338
Subject-Dependent,Subject8,fi,GBoosting,29,0.5522501906941266,0.5522149133486691,16.906991958618164,0.5507246376811594
Cross-Subject,Subject8,fi,GBoosting,25,0.5295097132284922,0.45597190521426173,29.851348638534546,0.5246993524514338
Subject-Dependent,Subject8,lcc,KNN,39,0.49122807017543857,0.49229759283641095,0.008818387985229492,0.5507246376811594
Cross-Subject,Subject8,lcc,KNN,27,0.5278445883441258,0.5266360172848991,0.09500980377197266,0.5246993524514338
Subject-Dependent,Subject8,lcc,RF,39,0.5003813882532419,0.5015614437241082,0.6996369361877441,0.5507246376811594
Cross-Subject,Subject8,lcc,RF,27,0.5485661424606846,0.5298938333400781,20.388285875320435,0.5246993524514338
Subject-Dependent,Subject8,lcc,DT,39,0.5232646834477498,0.52322712238998,0.6776702404022217,0.5507246376811594
Cross-Subject,Subject8,lcc,DT,27,0.533950046253469,0.5329001637139446,30.40430784225464,0.5246993524514338
Subject-Dependent,Subject8,lcc,GBoosting,39,0.5499618611746758,0.5502867904480905,32.9550404548645,0.5507246376811594
Cross-Subject,Subject8,lcc,GBoosting,27,0.5504162812210915,0.5300934742861938,38.50865697860718,0.5246993524514338
Subject-Dependent,Subject8,pca,KNN,46,0.5263157894736842,0.5263525416197172,0.006734132766723633,0.5507246376811594
Cross-Subject,Subject8,pca,KNN,48,0.5230342275670675,0.5144668462302452,0.10892248153686523,0.5246993524514338
Subject-Dependent,Subject8,pca,RF,46,0.5179252479023646,0.5187107887888406,0.6591265201568604,0.5507246376811594
Cross-Subject,Subject8,pca,RF,48,0.5365402405180388,0.47653427666308595,23.302512407302856,0.5246993524514338
Subject-Dependent,Subject8,pca,DT,46,0.5110602593440122,0.5122360010765007,0.8013646602630615,0.5507246376811594
Cross-Subject,Subject8,pca,DT,48,0.5095282146160962,0.5065359588922218,45.063050270080566,0.5246993524514338
Subject-Dependent,Subject8,pca,GBoosting,46,0.5125858123569794,0.5138184720517562,57.290952920913696,0.5507246376811594
Cross-Subject,Subject8,pca,GBoosting,48,0.5419056429232192,0.4771272994301696,6.106944561004639,0.5246993524514338
Subject-Dependent,Subject9,none,KNN,84,0.5789473684210527,0.5796334737522785,0.0327153205871582,0.5507246376811594
Cross-Subject,Subject9,none,KNN,84,0.47049028677150784,0.47081115228128806,0.43880558013916016,0.5246993524514338
Subject-Dependent,Subject9,none,RF,84,0.7124332570556827,0.711884591507981,3.1938788890838623,0.5507246376811594
Cross-Subject,Subject9,none,RF,84,0.5200740055504163,0.4673530501767705,117.69782447814941,0.5246993524514338
Subject-Dependent,Subject9,none,DT,84,0.6132723112128147,0.612981335998989,1.796496868133545,0.5507246376811594
Cross-Subject,Subject9,none,DT,84,0.5047178538390379,0.504350610099495,92.27384781837463,0.5246993524514338
Subject-Dependent,Subject9,none,GBoosting,84,0.7345537757437071,0.7342318828282605,8.554346084594727,0.5507246376811594
Cross-Subject,Subject9,none,GBoosting,84,0.5259944495837188,0.47637984153263213,10.575972080230713,0.5246993524514338
Subject-Dependent,Subject9,anova,KNN,57,0.559115179252479,0.5600461015935844,0.016229867935180664,0.5507246376811594
Cross-Subject,Subject9,anova,KNN,56,0.4962072155411656,0.4953577475514705,0.20790815353393555,0.5246993524514338
Subject-Dependent,Subject9,anova,RF,57,0.5697940503432495,0.5709038013625877,4.368061780929565,0.5507246376811594
Cross-Subject,Subject9,anova,RF,56,0.5198889916743756,0.48961195678565816,82.4218156337738,0.5246993524514338
Subject-Dependent,Subject9,anova,DT,57,0.532418001525553,0.5336240735097886,0.9826936721801758,0.5507246376811594
Cross-Subject,Subject9,anova,DT,56,0.5113783533765033,0.5113555488293371,36.00770139694214,0.5246993524514338
Subject-Dependent,Subject9,anova,GBoosting,57,0.5758962623951183,0.5765627444144775,3.0335495471954346,0.5507246376811594
Cross-Subject,Subject9,anova,GBoosting,56,0.5246993524514338,0.48689383178696655,58.31966018676758,0.5246993524514338
Subject-Dependent,Subject9,fi,KNN,21,0.6544622425629291,0.6550724298253531,0.020942211151123047,0.5507246376811594
Cross-Subject,Subject9,fi,KNN,27,0.4791859389454209,0.47722182187393875,0.16428351402282715,0.5246993524514338
Subject-Dependent,Subject9,fi,RF,21,0.7261632341723875,0.7255833622331355,0.6485800743103027,0.5507246376811594
Cross-Subject,Subject9,fi,RF,27,0.515263644773358,0.4852448335602167,29.082696676254272,0.5246993524514338
Subject-Dependent,Subject9,fi,DT,21,0.620137299771167,0.6209133316185999,0.3511207103729248,0.5507246376811594
Cross-Subject,Subject9,fi,DT,27,0.5058279370952822,0.50514775286656,26.448854684829712,0.5246993524514338
Subject-Dependent,Subject9,fi,GBoosting,21,0.7337909992372235,0.7340673898757277,27.632846355438232,0.5507246376811594
Cross-Subject,Subject9,fi,GBoosting,27,0.527104532839963,0.4851144655085258,32.69778251647949,0.5246993524514338
Subject-Dependent,Subject9,lcc,KNN,40,0.5682684973302822,0.5689720038836767,0.007450103759765625,0.5507246376811594
Cross-Subject,Subject9,lcc,KNN,28,0.5385753931544865,0.5376174155314527,0.08147382736206055,0.5246993524514338
Subject-Dependent,Subject9,lcc,RF,40,0.5873379099923722,0.5883895299795738,0.6977379322052002,0.5507246376811594
Cross-Subject,Subject9,lcc,RF,28,0.5430157261794635,0.5216475544118286,20.704984426498413,0.5246993524514338
Subject-Dependent,Subject9,lcc,DT,40,0.532418001525553,0.5336037498527897,0.6933591365814209,0.5507246376811594
Cross-Subject,Subject9,lcc,DT,28,0.5180388529139686,0.5155822569575982,31.643753051757812,0.5246993524514338
Subject-Dependent,Subject9,lcc,GBoosting,40,0.5812356979405034,0.5820563717669567,37.020445585250854,0.5507246376811594
Cross-Subject,Subject9,lcc,GBoosting,28,0.5348751156336725,0.5009576226100885,49.7659912109375,0.5246993524514338
Subject-Dependent,Subject9,pca,KNN,44,0.5522501906941266,0.5511077565879987,0.0066411495208740234,0.5507246376811594
Cross-Subject,Subject9,pca,KNN,49,0.4978723404255319,0.49729671920967927,0.12873339653015137,0.5246993524514338
Subject-Dependent,Subject9,pca,RF,44,0.6125095347063311,0.613415787828266,0.6350505352020264,0.5507246376811594
Cross-Subject,Subject9,pca,RF,49,0.517113783533765,0.468595298681422,25.855971097946167,0.5246993524514338
Subject-Dependent,Subject9,pca,DT,44,0.5430968726163234,0.5442736221741138,0.6753778457641602,0.5507246376811594
Cross-Subject,Subject9,pca,DT,49,0.5041628122109159,0.5038019117323458,49.175580978393555,0.5246993524514338
Subject-Dependent,Subject9,pca,GBoosting,44,0.6056445461479787,0.6066445981629565,6.359533071517944,0.5507246376811594
Cross-Subject,Subject9,pca,GBoosting,49,0.5182238667900092,0.460962071290214,2.8175623416900635,0.5246993524514338
